titre_initiative,resume_initiative,tag_besoin_niv1_code,tag_besoin_niv2_code,tag_produit_niv1_code,tag_produit_niv2_code,tag_structure_niv1_code,nom_structure,url_initiative,contact_mail,contact_tel,materiel_utilise,machine_utilisee,capacite_production,version,adresse,code_postal,ville,pays,url_illustration,commentaires,source,est_actif,langue,auteur_data,validation,notes_validation,a_publier,date_maj
Makers for life,-,SANTE,-,INITIATIVE/DIY,RESPIRATEUR_VENTILATOR/MAKERS,GROUPE,,https://docs.google.com/document/d/16GDm0yiQM85stHgQlaYfPcS1Y6g9GwhGpb4Ofgsrmy8/edit,,,-,-,-,-,NA,NA,NA,FRANCE,https://raw.githubusercontent.com/co-demos/covid-viz/master/graphisme/covid-illustrations/illu_ventilateur_2.png?raw=true,-,,oui,fr,JPy,NR,,OUI,
Makers projects,-,SANTE,-,LISTE/INITIATIVE/DIY,MAKERS,INDIVIDU,,"https://www.notion.so/af31d3adfff541a18dd6336e16fd223b?v=1d3b06185a42422f9515011cbad7af12
",,,-,-,-,-,NA,NA,NA,NA,https://raw.githubusercontent.com/co-demos/covid-viz/master/graphisme/covid-illustrations/illu_makers_2.png,-,,oui,fr,JPy,NR,,OUI,
FabLab Corti ,,NUMERIQUE,,DIY/NUMERIQUE,MAKERS,NR,,https://www.facebook.com/fablabcorti,,,,,,,NA,NA,NA,NA,https://raw.githubusercontent.com/co-demos/covid-viz/master/graphisme/illustrations/other/makers_uniti.jpg?raw=true,,,oui,fr,JPy,NR,,OUI,
Covisière YOUFACTORY V2,"De Lyon  validé par les hôpitaux du coin  peu gourmand en matière  pas d'élastique (donc facile à nettoyer).

Modèle testé et encouragé par la plateforme entraine makers covid19",SANTE,,DIY,VISIERE,GROUPE,You Factory,https://grabcad.com/library/covisiere-youfactory-v1-1,,,,,,,NA,NA,NA,NA,https://d2t1xqejof9utc.cloudfront.net/screenshots/pics/25bc593dfe153dd74d4a029fe094ffa9/original.jpeg,,,,fr,JPy,UTILISE_DANS_STRUCT_MEDICALE_FR,,OUI,01/04/2020
Modèle Proto Shield,Modèle testé et encouragé par la plateforme entraine makers covid19,SANTE,,DIY,VISIERE,GROUPE,Proto Haven,https://www.protohaven.org/proto-shield/,,,,,,,NA,NA,NA,NA,https://i1.wp.com/www.protohaven.org/wp-content/uploads/2020/03/16.jpg?strip=info&w=960&ssl=1,,,,fr,,,,OUI,01/04/2020
Masque visière anti-projection pour laser,Modèle testé et encouragé par la plateforme entraine makers covid19,SANTE,,DIY,VISIERE,NR,,https://cults3d.com/fr/mod%C3%A8le-3d/outil/masque-visiere-anti-projection-pour-laser,,,,,,,NA,NA,NA,NA,https://files.cults3d.com/uploaders/12892626/illustration-file/67ccfba6-54bd-4f43-98a3-dad36df7bcfd/IMG_20200323_221646_large.jpg,,,,fr,,,,OUI,01/04/2020
Guide de création de gel hydroalcoolique,Pad de présentation du guide de création de gel hydroalcoolique,SANTE,HYGIENE,DIY,GEL,GROUPE,,https://pad.degrowth.net/pCCyDqYpTQqfoj2LabCevA#,-,-,-,-,-,-,NA,NA,NA,NA,https://medias.liberation.fr/photo/1298610-checknews-gel.jpg?modified_at=1583665434&width=960,,,,fr,JPy,NR,,OUI,
Breezy - the crisis emergency ventilator,Projet Breezy porté par le collectif JOGL. Breezy vise la conception d'un ventilateur pulmonaire peu coûteux  simple et facile à utiliser. le projet inclut une application Android pour fournir des graphiques en ligne sur le débit et la pression réels.,SANTE,HOPITAL,DIY,RESPIRATEUR_VENTILATOR,GROUPE,,https://app.jogl.io/project/151,-,-,-,-,-,-,NA,NA,NA,NA,https://app.jogl.io/static/media/logo_img.70d01ace.png,,,,fr,JPy,NR,,OUI,
COVID-19 Medical Face Shield,-,SANTE,PROTECTION,DIY,VISIERE,INSTITUTION,UNIVERSITY of WISCONSIN–MADISON Makerspace,https://making.engr.wisc.edu/shield/,-,-,-,-,-,-,NA,NA,NA,NA,https://making.engr.wisc.edu/wp-content/uploads/sites/1271/2020/03/Covid-19_Hero_1_v3-1.png,,,,fr,JPy,PARTIELLE,Il y a des personnels de santé dans l'équipe. ce n'est pas hyper clair si leur modèle est utilisé dans les hopitaux ou s'ils pointent celui dont ils s'inspirent. Ils cherchent des acteurs capable de produire en série.,OUI,
Low-cost & Open-Source Covid19 Detection kits,Kits de détection Covid19 à bas coût et Open Source porté par le collectif JOGL,SANTE,HOPITAL,DIY,TESTKIT,ANONYME,,https://app.jogl.io/project/118,-,-,-,-,-,-,NA,NA,NA,NA,https://app.jogl.io/static/media/logo_img.70d01ace.png,,,,fr,JPy,NR,,OUI,
Création de gel hydroalcoolique,Recettes de Gel  proposées par Femmes Actuelles,SANTE,HYGIENE,DIY,GEL,ANONYME,,https://www.femmeactuelle.fr/sante/sante-pratique/gel-hydroalcoolique-la-recette-pour-fabriquer-son-propre-desinfectant-pour-les-mains-2092084?fbclid=IwAR12LJF9yp88oF7hAzAPhsrZTzDE2Eq_oLIXNnQYGsTl-FDkN25DDq0V1B4,-,-,-,-,-,-,NA,NA,NA,NA,https://fac.img.pmdstatic.net/fit/http.3A.2F.2Fprd2-bone-image.2Es3-website-eu-west-1.2Eamazonaws.2Ecom.2Ffac.2F2020.2F03.2F19.2F2e8743b9-0baa-4093-a93a-6fdc36573318.2Ejpeg/737x415/quality/90/crop-from/center/8-idees-recues-sur-les-gels-hydroalcooliques.jpeg,,,,fr,JPy,NR,,OUI,
Patron pour masque de soin en tissu (CHU Grenoble),Document PDF. Guide de fabrication de masques de protection en tissu réalisé par le CHU de Grenoble. ,SANTE,HOPITAL,DIY/PRO,MASQUE_TISSU,ANONYME,,https://cdn.discordapp.com/attachments/689052155310506005/689112495134081063/faites_vos_masques_a_la_maison.pdf,-,-,-,-,-,-,NA,NA,NA,NA,https://cdn.radiofrance.fr/s3/cruiser-production/2020/03/ee6ae602-0eac-4905-adb8-be6a501821f3/870x489_masque_tissu.webp,Masque,,,fr,JPy,NR,?,OUI,
Masque de protection facial au projection faite avec une feuille A4 transparente,"Print Settings
Printer brand:
Creality

Printer:
CR10S PRO

Rafts:
Yes

Supports:
Doesn't Matter

Resolution:
0.2

Infill:
30%",SANTE,PROTECTION,DIY,VISIERE,ANONYME,,https://www.thingiverse.com/thing:4147460,-,-,-,-,-,-,NA,NA,NA,NA,https://cdn.thingiverse.com/assets/19/b9/c7/c6/87/featured_preview_IMG_20200205_233017.jpg,Protection,,,fr,JPy,NR,,OUI,
boitier Hepa customisable - pour valve de masque I3D,-,SANTE,HOPITAL,DIY,MASQUE_I3D/ACCESSOIRE,ANONYME,,https://www.thingiverse.com/thing:4196325,-,-,-,-,-,-,NA,NA,NA,NA,https://cdn.thingiverse.com/assets/10/55/b9/0d/d1/large_display_IMG_3312.jpg,Protection,,,fr,JPy,NR,,OUI,
Masque de protection avec 2 filtres,-,SANTE,HOPITAL,DIY,MASQUE_I3D,ANONYME,,https://www.thingiverse.com/thing:4217534,-,-,-,-,-,-,NA,NA,NA,NA,https://cdn.thingiverse.com/assets/0e/5b/b3/1c/60/featured_preview_IMG_20200312_150449.jpg,Masque,,,fr,JPy,NR,,OUI,
Savegrabber - permet d'ouvrir des portes  appyer des boutons,-,SANTE,PROTECTION,DIY,PORTE,ANONYME,,https://www.thingiverse.com/thing:4192643,-,-,-,-,-,-,NA,NA,NA,NA,https://cdn.thingiverse.com/assets/cc/a4/7b/82/0b/featured_preview_Photo-2020-03-03-07-57-15_9752.JPG,Protection,,,fr,JPy,NR,,OUI,
Masque jetable à base de filtre à café,-,SANTE,HOPITAL,DIY,MASQUE_I3D,ANONYME,,https://www.thingiverse.com/thing:4199749,-,-,-,-,-,-,NA,NA,NA,NA,https://cdn.thingiverse.com/assets/aa/d2/03/06/c6/featured_preview_87042125_2827484523997820_4205562350528364544_n.jpg,Masque,,,fr,JPy,NR,,OUI,
Lunettes fabriquées à partir de bouteille,-,SANTE,PROTECTION,DIY,VISIERE,ANONYME,,https://www.instructables.com/id/Soda-Bottle-Safety-Goggles./,-,-,-,-,-,-,NA,NA,NA,NA,https://cdn.instructables.com/F45/T4M6/6O4EP27RLSW/F45T4M66O4EP27RLSW.LARGE.jpg,Protection,,,fr,JPy,NR,,OUI,
3D Printed Face Mask Buckle,-,SANTE,PROTECTION,DIY,MASQUE_I3D,ANONYME,Creality,https://www.thingiverse.com/thing:4187448/files,-,-,-,-,-,-,NA,NA,NA,NA,https://raw.githubusercontent.com/co-demos/covid-viz/master/illustrations/masks_visieres/Capture%20d%E2%80%99%C3%A9cran%202020-03-29%20%C3%A0%2011.55.14.png,Accessoire masque,,,en,CG,NR,,OUI,
Visière - Fablab ULB - CHU Saint-Pierre,-,SANTE,PROTECTION,DIY,VISIERE,INSTITUTION,FabLab UBL,https://gitlab.com/fablab-ulb/projects/coronavirus/protective-face-shields,-,-,-,-,-,-,NA,NA,NA,NA,https://gitlab.com/fablab-ulb/projects/coronavirus/protective-face-shields/-/raw/master/docs/images/2Masks.png,Visière,,,en,CG,UTILISE_DANS_STRUCT_MEDICALE_ETR,"Il est écrit que c'est ""Validés par les médecins hygiénistes et la direction de l’hôpital CHU Saint-Pierre à Bruxelles."" ici https://docs.google.com/document/d/1yDyYDmnSss1Gs43ypK19DpQxmCVWys-UQN4oXZqrhRo/edit?fbclid=IwAR2xFoVac-FHBHoiqAalSj1bvDw5c1raAnC9Jv3NKjNwkS-9h7n0mOXnric",OUI,
PROTOTYPE DE RESPIRATEUR - OxyGEN ,-,SANTE,HOPITAL,DIY,RESPIRATEUR_VENTILATOR,GROUPE/ENTREPRISE,Protofy.xyz,https://www.oxygen.protofy.xyz/,-,-,-,-,-,-,NA,NA,NA,NA,https://raw.githubusercontent.com/co-demos/covid-viz/master/illustrations/masks_visieres/Capture%20d%E2%80%99%C3%A9cran%202020-03-29%20%C3%A0%2012.18.37.png,Respirateur,,,en,CG,NR,,OUI,
EMERGENCY VENTILATOR SYSTEMS ,-,SANTE,HOPITAL,DIY,RESPIRATEUR_VENTILATOR,GROUPE,ebcore,https://www.ebcore.io/?fbclid=IwAR13Fql14xM0Xty3w5cSyfWXLUfD-ML3ri8gdej-J8O8oY0X2Fq7uDSmx4o,-,-,-,-,-,-,NA,NA,NA,NA,https://raw.githubusercontent.com/co-demos/covid-viz/master/illustrations/masks_visieres/Capture%20d%E2%80%99%C3%A9cran%202020-03-29%20%C3%A0%2012.19.38.png,Ventilator / vidéo d'explication : https://www.youtube.com/watch?v=vcuFVMVx930&feature=youtu.be&fbclid=IwAR2nwsROxwZNmnizLkoiEUNauFhFGBigEXsw7AGZajNFVEgvHYdOpXleTQk,,,en,CG,NR,,OUI,
OpenLung BVM Ventilator,-,SANTE,HOPITAL,DIY/GROUPE,RESPIRATEUR_VENTILATOR,GROUPE,,https://gitlab.com/open-source-ventilator/OpenLung?fbclid=IwAR1cMnUQW_t-wksl8RsbsHRplAWurPFVD63eZi71qJ65h7G1-F9p5HA-grU,-,-,-,-,-,-,NA,NA,NA,NA,https://gitlab.com/open-source-ventilator/OpenLung/-/raw/master/images/current_concept.png,Ventilator / vidéo d'explication : https://www.youtube.com/watch?v=vcuFVMVx930&feature=youtu.be&fbclid=IwAR2nwsROxwZNmnizLkoiEUNauFhFGBigEXsw7AGZajNFVEgvHYdOpXleTQk,,,en,CG,NR,,OUI,
InnspiraMED Open Source Mechanical Ventilators,-,SANTE,HOPITAL,DIY,RESPIRATEUR_VENTILATOR,ANONYME,,https://letsbeatcovid19.blogspot.com/,-,-,-,-,-,-,NA,NA,NA,NA,https://1.bp.blogspot.com/-bDmJhMmerMM/XnICXsRBd9I/AAAAAAAAJwU/0Xss_rUmZq055JhJpuidq5jS5FRYqYOXgCLcBGAsYHQ/s400/WhatsApp%2BImage%2B2020-03-17%2Bat%2B18.39.23.jpeg,,,,en,CG,NR,,OUI,
Visières pour les soignants,-,SANTE,PROTECTION,DIY,VISIERE,INSTITUTION,Centrale Supelec,http://lafabrique.centralesupelec.fr/visiere/,-,-,-,-,-,-,NA,NA,NA,NA,http://www.3d4care.com/img/06.jpg,Visières,,,fr,CG,UTILISE_DANS_STRUCT_MEDICALE_FR,Processus en cours le 25/03/2020,OUI,
Simply Flexible Mask Valvy,-,SANTE,PROTECTION,DIY,MASQUE_I3D,INDIVIDU,ANON,https://www.thingiverse.com/thing:4185367?fbclid=IwAR0r9Qd7JXxdsZBqOWiO45P9EO6G3LG5N-q8uoqiJa22LbZpd1gNrzwJ_6E,-,-,-,-,-,-,NA,NA,NA,NA,https://raw.githubusercontent.com/co-demos/covid-viz/master/illustrations/masks_visieres/Capture%20d%E2%80%99%C3%A9cran%202020-03-29%20%C3%A0%2012.32.01.png,,,,en,CG,NR,,OUI,
EVA Covid Coronavirus Face Mask,-,SANTE,PROTECTION,DIY,MASQUE_I3D,ANONYME,,https://www.thingiverse.com/thing:4223817?fbclid=IwAR2W7DFx-nmwaS_1QY3a6Ey0fz6boiVNsGeS7vJ3ZFg_0Lb_4zhG4hitGfc,-,-,-,-,-,-,NA,NA,NA,NA,https://raw.githubusercontent.com/co-demos/covid-viz/master/illustrations/masks_visieres/Capture%20d%E2%80%99%C3%A9cran%202020-03-29%20%C3%A0%2012.37.04.png,,,,en,CG,NR,,OUI,
COVID-19 MASK (Easy-to-print  no support  filter required),-,SANTE,PROTECTION,DIY,MASQUE_I3D,ANONYME,,https://www.thingiverse.com/thing:4225667?fbclid=IwAR3D_VHzPU5ehzRom5Mwvy0KP0NgBiVQvrWcZcghbgjlkSRc78Jm6uh6MZk,-,-,-,-,-,-,NA,NA,NA,NA,https://raw.githubusercontent.com/co-demos/covid-viz/master/illustrations/masks_visieres/Capture%20d%E2%80%99%C3%A9cran%202020-03-29%20%C3%A0%2012.37.55.png,Mask,,,en,CG,NR,sur le groupe : https://docs.google.com/spreadsheets/d/1e81ceSrVT6Bl4UaS1SxIUUUzgZAdkIstU7Hzot08Ld8/edit#gid=0,OUI,
COUVERTURE RÉUTILISABLE DU CADRE D'UN MASQUE FACIAL RESPIRATOIRE,Couverture extérieure du masque,SANTE,PROTECTION,DIY,MASQUE_I3D,ANONYME,,https://cults3d.com/fr/mod%C3%A8le-3d/outil/reusable-facial-mask-frame,-,-,-,-,-,-,NA,NA,NA,NA,https://files.cults3d.com/uploaders/13368970/illustration-file/1aebd72b-7b07-4082-9b9b-1d10c050334f/try_on_large.jpg,Mask,,,fr,CG,NR,,OUI,
MINI-MASQUE POUR CORONAVIRUS COVID-19 AVEC FIL,-,SANTE,PROTECTION,DIY,MASQUE_I3D,ANONYME,,https://cults3d.com/fr/mod%C3%A8le-3d/outil/mini-mascara-para-coronavirus-covid-19-con-rosca,-,-,-,-,-,-,NA,NA,NA,NA,https://raw.githubusercontent.com/co-demos/covid-viz/master/illustrations/masks_visieres/Capture%20d%E2%80%99%C3%A9cran%202020-03-29%20%C3%A0%2012.41.23.png,Mask,,,fr,CG,NR,,OUI,
NanoHack,-,SANTE,PROTECTION,DIY,MASQUE_I3D,ENTREPRISE,Copper3D,https://copper3d.com/hackthepandemic/,-,-,-,-,-,-,NA,NA,NA,NA,https://copper3d.com/wp-content/uploads/2020/03/despiece-e1584500024307.png,Mask : Ils indiquent clairement qu'une v2 va bientôt dortir et recommandent de ne plus imprimer la V1. Je ne sais pas si elle sera sur la même page web,,,en,CG,NR,sur le groupe : https://docs.google.com/spreadsheets/d/1e81ceSrVT6Bl4UaS1SxIUUUzgZAdkIstU7Hzot08Ld8/edit#gid=0,OUI,
MASQUE DE PROTECTION COVID-19 FFP2 / PROTECTION MASK COVID-19 FFP2,"Il s'agit d'un modèle de valve inspiré du masque ""nanoHack""  permettant de créer un masque filtrant de catégorie FFP2 avec une pastille prélevée dans un masque ffp2 jetable",SANTE,PROTECTION,DIY,MASQUE_I3D,ANONYME,,https://cults3d.com/fr/mod%C3%A8le-3d/outil/masque-de-protection-covid-19-ffp2,-,-,-,-,-,-,NA,NA,NA,NA,https://files.cults3d.com/uploaders/14155070/illustration-file/a96ef7ab-be17-4b1e-b368-98780dc79a44/IMG_20200323_223432_large.jpg,mask FFP2,,,en/fr,CG,NR,,OUI,
Comment faire un nasobuco ou un masque à la maison,-,SANTE,PROTECTION,DIY,MASQUE_TISSU,INDIVIDU,,http://www.juventudrebelde.cu/suplementos/asi-de-facil/2020-03-10/como-hacer-un-nasobuco-o-mascarilla-en-casa,-,-,-,-,-,-,NA,NA,NA,NA,http://www.juventudrebelde.cu/thumbs/450x/crc/images/medias/2020/03/xjXVSQ_10-03-2020_17.03.13.000000.jpg,masque en tissus ,,,es/fr,CG,NON,,OUI,
Masques de protection simplifiés pour gouttelettes d’eau - Dossier IFTH 16 Mars 2020 ,-,SANTE,PROTECTION,DIY,MASQUE_TISSU,INSTITUTION,Institut français du textile et de l'habillement,https://www.csfmodeluxe-masques.com/uploads/1/2/9/1/129160673/masques_de_protection_simplifie%CC%81_1.pdf,-,-,-,-,-,-,NA,NA,NA,NA,https://raw.githubusercontent.com/co-demos/covid-viz/master/illustrations/masks_visieres/Capture%20d%E2%80%99%C3%A9cran%202020-03-29%20%C3%A0%2012.45.23.png,masques de trois niveaux,,,fr,CG,PARTIELLE,?,OUI,
facemask sewing pattern,-,SANTE,PROTECTION,DIY,MASQUE_TISSU,ANONYME,,https://freesewing.org/blog/facemask-frenzy/,-,-,-,-,-,-,NA,NA,NA,NA,https://freesewing.org/static/3c98e65ed28e9fc11a880c4a848a57a7/30417/diana.jpg,masque tissu ,,,en,CG,NR,sur le groupe : https://docs.google.com/spreadsheets/d/1e81ceSrVT6Bl4UaS1SxIUUUzgZAdkIstU7Hzot08Ld8/edit#gid=0,OUI,
Basic adult face mask,-,SANTE,PROTECTION,DIY,MASQUE_TISSU,INDIVIDU,,http://antisocialartshow.org/basic-adult-face-mask/?fbclid=IwAR2Z9sx8CwOibzHHCZruqX35PblgpB6eZlYvbQJVnkS6Dt0XDMTP3oRB4Dg,-,-,-,-,-,-,NA,NA,NA,NA,https://raw.githubusercontent.com/co-demos/covid-viz/master/illustrations/masks_visieres/Capture%20d%E2%80%99%C3%A9cran%202020-03-29%20%C3%A0%2012.50.29.png,,,,en ,CG,NR,,OUI,
WHO-recommended Handrub Formulations,-,SANTE,HYGIENE,DIY,GEL,ANONYME,,https://www.who.int/gpsc/5may/Guide_to_Local_Production.pdf,-,-,-,-,-,-,NA,NA,NA,NA,https://raw.githubusercontent.com/co-demos/covid-viz/master/illustrations/masks_visieres/Capture%20d%E2%80%99%C3%A9cran%202020-03-29%20%C3%A0%2012.52.07.png,Gel Hydroalcoolique,,,fr,CG,NR,,OUI,
Gel desinfectant à base d'étanol (français et espagnol),-,SANTE,HYGIENE,DIY,GEL,ANONYME,,https://www.appropedia.org/Gel_desinfectante_a_base_de_etanol,-,-,-,-,-,-,NA,NA,NA,NA,https://raw.githubusercontent.com/co-demos/covid-viz/master/illustrations/masks_visieres/Capture%20d%E2%80%99%C3%A9cran%202020-03-29%20%C3%A0%2012.52.44.png,Gel Hydroalcoolique,,,fr/es,CG,NR,,OUI,
Minimal Universal Respirator - Prototype de respirateur en France,-,SANTE,HOPITAL,DIY/INDUSTRIEL,RESPIRATEUR_VENTILATOR,GROUPE,,https://www.mur-project.org/,-,-,-,-,-,-,NA,NA,NA,NA,https://www.mur-project.org/medias/index.jpg,respirateur,,,fr/en,CG,NR,En cours le 25/03 validation prévue pour la fin de semaine (28 ou 29 Mars),OUI,
Homemade box UV C for sterilization,-,SANTE,HYGIENE,DIY,AUTRE,INDIVIDU,,https://www.youtube.com/watch?v=gYwhYv1uIUI,-,-,-,-,-,-,NA,NA,NA,NA,https://raw.githubusercontent.com/co-demos/covid-viz/master/illustrations/masks_visieres/Capture%20d%E2%80%99%C3%A9cran%202020-03-29%20%C3%A0%2013.02.19.png,Boite de stérilisation,,,en,CG,NR,,OUI,
DIY face mask,,SANTE,PROTECTION,DIY/PRO,MASQUE_TISSU,INDIVIDU,Taiwanese doctor,https://mustsharenews.com/cloth-face-mask/,-,-,-,-,-,-,NA,NA,NA,NA,https://mustsharenews.com/wp-content/uploads/2020/02/cloth-face-mask-18.jpg,Masque en tissu avec ouvereture,,,en,CG,NR,sur le groupe : https://docs.google.com/spreadsheets/d/1e81ceSrVT6Bl4UaS1SxIUUUzgZAdkIstU7Hzot08Ld8/edit#gid=0,OUI,
Face mask Fabric (Chinese pdf),,SANTE,PROTECTION,DIY,MASQUE_TISSU,ANONYME,,https://www.pref.oita.jp/uploaded/attachment/2070448.pdf,,,-,-,-,-,NA,NA,NA,NA,https://raw.githubusercontent.com/co-demos/covid-viz/master/illustrations/masks_visieres/Capture%20d%E2%80%99%C3%A9cran%202020-03-29%20%C3%A0%2013.04.50.png,Masque en tissu avec ouvereture,,,en,CG,NR,sur le groupe : https://docs.google.com/spreadsheets/d/1e81ceSrVT6Bl4UaS1SxIUUUzgZAdkIstU7Hzot08Ld8/edit#gid=1,OUI,
DIY Cloth Face Mask,,SANTE,PROTECTION,DIY,MASQUE_TISSU,INDIVIDU,,https://www.instructables.com/id/DIY-Cloth-Face-Mask/,,,-,-,-,-,NA,NA,NA,NA,https://content.instructables.com/FQK/R1J1/K7RRAY95/FQKR1J1K7RRAY95.LARGE.jpg?auto=webp&frame=1&width=667&height=1024&fit=bounds,,,,en,CG,NR,sur le groupe : https://docs.google.com/spreadsheets/d/1e81ceSrVT6Bl4UaS1SxIUUUzgZAdkIstU7Hzot08Ld8/edit#gid=0,OUI,
How to make a Face Mask (US),,SANTE,PROTECTION,DIY/PRO,MASQUE_TISSU,INSTITUTION,Deaconess,https://www.deaconess.com/How-to-make-a-Face-Mask,,,-,-,-,-,NA,NA,NA,NA,https://raw.githubusercontent.com/co-demos/covid-viz/master/illustrations/masks_visieres/Capture%20d%E2%80%99%C3%A9cran%202020-03-29%20%C3%A0%2013.08.14.png,Tuto d'un hopital dans l'Indiana,,,en,CG,NR,Sur leur page ils precisent bien qu'ils ne peuvent pas respecter les normes habituelles,OUI,
Reusable DIY Cloth Mask with Disposable Middle Layer Filter,,SANTE,PROTECTION,DIY,MASQUE_TISSU,-,,https://diymask.site/,,,-,-,-,-,NA,NA,NA,NA,https://raw.githubusercontent.com/DIYMask/DIYmask.github.io/version2/img/HKMask_dimension.png,Tuto a base d'objets du quotidien,,,en/chi,CG,NR,sur le groupe : https://docs.google.com/spreadsheets/d/1e81ceSrVT6Bl4UaS1SxIUUUzgZAdkIstU7Hzot08Ld8/edit#gid=0,OUI,
SEWING INSTRUCTIONS FOR THE FACE MASK PATTERN - Belgium Public Health,,PROTECTION,PROTECTION,DIY,MASQUE_TISSU,INSTITUTION,Belgium Public Health,https://makefacemasks.com/,,,-,-,-,-,NA,NA,NA,NA,https://makefacemasks.com/assets/img/hero-img.png,guidelines en belgique,,,en,CG,-,Approved by the FPS Public Health,OUI,
Mask COVID-19 - 3D printed,,SANTE,PROTECTION,DIY,MASQUE_I3D,ANONYME,,https://www.thingiverse.com/thing:3186997,,,-,-,-,-,NA,NA,NA,NA,https://raw.githubusercontent.com/co-demos/covid-viz/master/illustrations/masks_visieres/Capture%20d%E2%80%99%C3%A9cran%202020-03-29%20%C3%A0%2013.10.47.png,etrange,,,en,CG,NR,sur le groupe : https://docs.google.com/spreadsheets/d/1e81ceSrVT6Bl4UaS1SxIUUUzgZAdkIstU7Hzot08Ld8/edit#gid=0,OUI,
Free mask pattern and instructions!,,SANTE,PROTECTION,DIY,MASQUE_TISSU,-,,https://imgur.com/gallery/p517T4h,,,-,-,-,-,NA,NA,NA,NA,https://i.imgur.com/pdO7tn3.jpeg,masque tissu ,,,en,CG,NR,sur le groupe : https://docs.google.com/spreadsheets/d/1e81ceSrVT6Bl4UaS1SxIUUUzgZAdkIstU7Hzot08Ld8/edit#gid=1,OUI,
Face Mask Hook - 3D printed,,SANTE,PROTECTION,DIY,MASQUE_I3D,INDIVIDU,,https://www.thingiverse.com/thing:4225191,,,-,-,-,-,NA,NA,NA,NA,https://raw.githubusercontent.com/co-demos/covid-viz/master/illustrations/masks_visieres/Capture%20d%E2%80%99%C3%A9cran%202020-03-29%20%C3%A0%2013.13.18.png,Accessoire  attache de masque en i3D,,,en/chi,CG,NR,sur le groupe : https://docs.google.com/spreadsheets/d/1e81ceSrVT6Bl4UaS1SxIUUUzgZAdkIstU7Hzot08Ld8/edit#gid=2,OUI,
3D Printable Air Tight Filter Mask (Experimental),,SANTE,PROTECTION,DIY,MASQUE_I3D,-,,https://hackaday.io/project/170487-3d-printable-air-tight-filter-mask-experimental,,,-,-,-,-,NA,NA,NA,NA,https://raw.githubusercontent.com/co-demos/covid-viz/master/illustrations/masks_visieres/Capture%20d%E2%80%99%C3%A9cran%202020-03-29%20%C3%A0%2013.14.25.png,forme originale,,,fr,CG,NR,sur le groupe : https://docs.google.com/spreadsheets/d/1e81ceSrVT6Bl4UaS1SxIUUUzgZAdkIstU7Hzot08Ld8/edit#gid=3,OUI,
Masque thermoformé prototype,,SANTE,PROTECTION,DIY,MASQUE_I3D,INDIVIDU,,https://www.thingiverse.com/thing:4231076,,,-,-,-,-,NA,NA,NA,NA,https://raw.githubusercontent.com/co-demos/covid-viz/master/illustrations/masks_visieres/Capture%20d%E2%80%99%C3%A9cran%202020-03-29%20%C3%A0%2013.19.06.png,il annonce thermoformé mais aussi I3D,,,fr,CG,NR,sur le groupe : https://docs.google.com/spreadsheets/d/1e81ceSrVT6Bl4UaS1SxIUUUzgZAdkIstU7Hzot08Ld8/edit#gid=4,OUI,
FACE MASK PATTERN,,SANTE,PROTECTION,DIY,MASQUE_TISSU,INDIVIDU,,https://hellosewing.com/face-mask-sewing-pattern/,,,-,-,-,-,NA,NA,NA,NA,https://hellosewing.com/wp-content/uploads/face-mask-diy-featured-680x510.jpg,,,,en,CG,NR,sur le groupe : https://docs.google.com/spreadsheets/d/1e81ceSrVT6Bl4UaS1SxIUUUzgZAdkIstU7Hzot08Ld8/edit#gid=5,OUI,
Sewing Fabric Face Masks,,SANTE,PROTECTION,DIY/PRO,MASQUE_TISSU,INSTITUTION,Unity Point Health (USA),https://www.unitypoint.org/cedarrapids/sewing-surgical-masks.aspx,,,-,-,-,-,NA,NA,NA,NA,https://www.unitypoint.org/cedarrapids/filesimages/Coronavirus/IMG_3295%20(1).jpg,diffusé par  un centre hospitalier au USA,,,en,CG,NR,sur le groupe : https://docs.google.com/spreadsheets/d/1e81ceSrVT6Bl4UaS1SxIUUUzgZAdkIstU7Hzot08Ld8/edit#gid=6,OUI,
Vaccum formed sealed mask,,SANTE,PROTECTION,DIY,MASQUE_I3D,INDIVIDU,,https://www.thingiverse.com/thing:4234487,,,-,-,-,-,NA,NA,NA,NA,https://raw.githubusercontent.com/co-demos/covid-viz/master/illustrations/masks_visieres/Capture%20d%E2%80%99%C3%A9cran%202020-03-29%20%C3%A0%2013.25.13.png,Forme originale : Vaccum formed et 3D printed ,,,en,CG,NR,sur le groupe : https://docs.google.com/spreadsheets/d/1e81ceSrVT6Bl4UaS1SxIUUUzgZAdkIstU7Hzot08Ld8/edit#gid=7,OUI,
(Adaptador Mascara decathlon- Filtro) Adaptateur de masque Decathlon - Filtre,,SANTE,PROTECTION,DIY,MASQUE_SNORKLING,INDIVIDU,,https://www.thingiverse.com/thing:4227369,,,-,-,-,-,NA,NA,NA,NA,https://raw.githubusercontent.com/co-demos/covid-viz/master/illustrations/masks_visieres/Capture%20d%E2%80%99%C3%A9cran%202020-03-29%20%C3%A0%2013.26.13.png,Accessoire pour adapter les masques décathlon - prototype,,,en,CG,NR,sur le groupe : https://docs.google.com/spreadsheets/d/1e81ceSrVT6Bl4UaS1SxIUUUzgZAdkIstU7Hzot08Ld8/edit#gid=8,OUI,
Thermoformed mask,,SANTE,PROTECTION,DIY,MASQUE_I3D,-,,https://www.thingiverse.com/thing:4234658,,,-,-,-,-,NA,NA,NA,NA,https://raw.githubusercontent.com/co-demos/covid-viz/master/illustrations/masks_visieres/Capture%20d%E2%80%99%C3%A9cran%202020-03-29%20%C3%A0%2013.26.48.png,proto!!,,,en,CG,NR,sur le groupe : https://docs.google.com/spreadsheets/d/1e81ceSrVT6Bl4UaS1SxIUUUzgZAdkIstU7Hzot08Ld8/edit#gid=9,OUI,
Mold for DIY Protective Face Mask - 3D Printed form for making paper pulp masks,,SANTE,PROTECTION,DIY,RESPIRATEUR_VENTILATOR,-,,https://www.instructables.com/id/DIY-Protective-Face-Mask/,,,-,-,-,-,NA,NA,NA,NA,https://content.instructables.com/FLL/8LME/K7NSTSU0/FLL8LMEK7NSTSU0.LARGE.jpg?auto=webp&frame=1&width=400&height=1024&fit=bounds,moule pour masque en papier maché,,,en,CG,NR,sur le groupe : https://docs.google.com/spreadsheets/d/1e81ceSrVT6Bl4UaS1SxIUUUzgZAdkIstU7Hzot08Ld8/edit#gid=10,OUI,
DIY mask for basic protection from corona,,SANTE,PROTECTION,DIY,MASQUE_TISSU,INDIVIDU,,https://www.youtube.com/watch?v=oLEE8RcyYo8,,,-,-,-,-,NA,NA,NA,NA,https://raw.githubusercontent.com/co-demos/covid-viz/master/illustrations/masks_visieres/Capture%20d%E2%80%99%C3%A9cran%202020-03-29%20%C3%A0%2013.31.17.png,vidéo youtube de pliage,,,en,CG,NR,sur le groupe : https://docs.google.com/spreadsheets/d/1e81ceSrVT6Bl4UaS1SxIUUUzgZAdkIstU7Hzot08Ld8/edit#gid=11,OUI,
Face Mask Sewing Pattern,,SANTE,PROTECTION,DIY,MASQUE_TISSU,INDIVIDU,,https://www.craftpassion.com/wp-json/mv-create/v1/creations/19/print,,,-,-,-,-,NA,NA,NA,NA,https://www.craftpassion.com/wp-content/uploads/2013/08/IMG_20200129_104428.jpg,masque en tissu,,,en,CG,NR,sur le groupe : https://docs.google.com/spreadsheets/d/1e81ceSrVT6Bl4UaS1SxIUUUzgZAdkIstU7Hzot08Ld8/edit#gid=12,OUI,
A.B. Mask - for a Nurse by a Nurse,,SANTE,PROTECTION,DIY,MASQUE_TISSU,INDIVIDU,nurse,https://www.instructables.com/id/AB-Mask-for-a-Nurse-by-a-Nurse/,,,-,-,-,-,NA,NA,NA,NA,https://content.instructables.com/F18/BZ2Z/K7VYJGJ1/F18BZ2ZK7VYJGJ1.LARGE.jpg?auto=webp&frame=1&width=564&height=1024&fit=bounds,masque par une infirmière,,,en,CG,NR,sur le groupe : https://docs.google.com/spreadsheets/d/1e81ceSrVT6Bl4UaS1SxIUUUzgZAdkIstU7Hzot08Ld8/edit#gid=13,OUI,
MY FACE MASK: Masque avec filtre interchangeable,,SANTE,PROTECTION,DIY,MASQUE_I3D,ENTREPRISE,WASP 3D Printers,https://www.3dwasp.com/mascherina-stampata-3d-da-scansione-3d/?fbclid=IwAR2a7v_y6ly8GL_ghWONz9M68LNunH3YVz77F0wkIo_SmvZKoWUgNNHCnCM,,,-,-,-,-,NA,NA,NA,NA,https://www.3dwasp.com/wp-content/uploads/2020/03/3D-printed-mask-from-3D-scanning-MY-FACE-MASK-side2.jpg,3D printed avec filtre remplaçable,,,fr/it/en,CG,NR,sur le groupe : https://docs.google.com/spreadsheets/d/1e81ceSrVT6Bl4UaS1SxIUUUzgZAdkIstU7Hzot08Ld8/edit#gid=14,OUI,
How to make masks out of vacuum bags,,SANTE,PROTECTION,DIY,MASQUE_TISSU,INDIVIDU,,https://www.youtube.com/watch?v=-fBWTDoa7x4,,,-,-,-,-,NA,NA,NA,NA,https://raw.githubusercontent.com/co-demos/covid-viz/master/illustrations/masks_visieres/Capture%20d%E2%80%99%C3%A9cran%202020-03-29%20%C3%A0%2013.33.34.png,Tuto video masque en tissu,,,en,CG,NR,sur le groupe : https://docs.google.com/spreadsheets/d/1e81ceSrVT6Bl4UaS1SxIUUUzgZAdkIstU7Hzot08Ld8/edit#gid=15,OUI,
Naehanleitung - Instruction de couture (Allemand),,SANTE,PROTECTION,DIY,MASQUE_TISSU,-,,https://media.essen.de/media/wwwessende/aemter/0115_1/pressereferat/Mund-Nasen-Schutz__Naehanleitung_2020_Feuerwehr_Essen.pdf,,,-,-,-,-,NA,NA,NA,NA,https://raw.githubusercontent.com/co-demos/covid-viz/master/illustrations/masks_visieres/Capture%20d%E2%80%99%C3%A9cran%202020-03-29%20%C3%A0%2013.36.41.png,pdf en Allemand,,,de,CG,NR,sur le groupe : https://docs.google.com/spreadsheets/d/1e81ceSrVT6Bl4UaS1SxIUUUzgZAdkIstU7Hzot08Ld8/edit#gid=15,OUI,
Tutoriel masque sans couture réutilisable lavable DIY covid19,,SANTE,PROTECTION,DIY,MASQUE_TISSU,GROUPE,Fablab Bordeau,https://www.youtube.com/watch?v=LnBb9Z8gdF4,,,-,-,-,-,NA,NA,NA,NA,https://raw.githubusercontent.com/co-demos/covid-viz/master/illustrations/masks_visieres/Capture%20d%E2%80%99%C3%A9cran%202020-03-29%20%C3%A0%2013.37.58.png,Tuto vidéo masque en tissu basique,,,fr,CG,NR,sur le groupe : https://docs.google.com/spreadsheets/d/1e81ceSrVT6Bl4UaS1SxIUUUzgZAdkIstU7Hzot08Ld8/edit#gid=16,OUI,
COV3D - FFF (FDM) 3d-print optimised mask that can be customised by photogrammetry,,SANTE,PROTECTION,DIY,MASQUE_I3D,-,,https://grabcad.com/library/cov3d-fff-fdm-3d-print-optimised-mask-that-can-be-customised-by-photogrammetry-2,,,-,-,-,-,NA,NA,NA,NA,https://d2t1xqejof9utc.cloudfront.net/screenshots/pics/6cf92e22be0daee7b66d6e405fe15c5e/large.JPG,,,,en,CG,NR,sur le groupe : https://docs.google.com/spreadsheets/d/1e81ceSrVT6Bl4UaS1SxIUUUzgZAdkIstU7Hzot08Ld8/edit#gid=17,OUI,
Pleated mask,,SANTE,PROTECTION,DIY,MASQUE_TISSU,-,,https://drive.google.com/drive/folders/1och-RQ45PvDtQw7VVZ7XxIcs5e21qhUp,,,-,-,-,-,NA,NA,NA,NA,https://raw.githubusercontent.com/co-demos/covid-viz/master/illustrations/masks_visieres/Capture%20d%E2%80%99%C3%A9cran%202020-03-29%20%C3%A0%2013.39.31.png,Pas clair ce truc,,,en,CG,NR,sur le groupe : https://docs.google.com/spreadsheets/d/1e81ceSrVT6Bl4UaS1SxIUUUzgZAdkIstU7Hzot08Ld8/edit#gid=18,OUI,
Emergency mask for hospital ventilators (with decathlon masks),Ils travaillent notamment sur les valves,SANTE,HOPITAL,DIY,MASQUE_SNORKLING,INSTITUTION,Isinnova,https://www.isinnova.it/easy-covid19-eng/,,,PLA,-,-,-,NA,NA,NA,NA,https://www.isinnova.it/wp-content/uploads/2020/03/DSC3147-scaled.jpg,,,,en,CG,UTILISE_DANS_STRUCT_MEDICALE_ETR,"Sur grp il est noté que : Testée au Chiari Hospital (Italie). 500 patients équipés
sur le groupe (Mathilde) : https://docs.google.com/spreadsheets/d/1AuFOZjWxkcBIKoZVbi31pURp7h0B0VY9O9Rmct-_KU4/edit?userstoinvite=remy.seillier@francetierslieux.fr&ts=5e78b17e&actionButton=1#gid=1181031314",OUI,
Door Opener - Covid 19,,SANTE,PROTECTION,DIY,PORTE,INDIVIDU,,https://www.thingiverse.com/thing:4229393,,,-,-,-,-,NA,NA,NA,NA,https://raw.githubusercontent.com/co-demos/covid-viz/master/illustrations/masks_visieres/Capture%20d%E2%80%99%C3%A9cran%202020-03-29%20%C3%A0%2013.41.42.png,Ouvreur de porte en I3D,,,en,CG,NR,sur le groupe (Mathilde) : https://docs.google.com/spreadsheets/d/1AuFOZjWxkcBIKoZVbi31pURp7h0B0VY9O9Rmct-_KU4/edit?userstoinvite=remy.seillier@francetierslieux.fr&ts=5e78b17e&actionButton=1#gid=1181031315,OUI,
Hands-Free 3D-Printed Door Openers to Help Against the Spread of Coronavirus,,SANTE,PROTECTION,DIY,PORTE,ENTREPRISE,Materialize,https://www.materialise.com/en/hands-free-door-opener?elqTrackId=20b7e0f7116d499a97ad8f3b66dabb8b&elqaid=4271&elqat=2,,,-,-,-,-,NA,NA,NA,NA,https://www.materialise.com/sites/default/files/image-uploads/pages/Corporate/hands-free-door-opener-drawing-white.png,Ouvreur de porte en I3D,,,en,CG,NR,sur le groupe (Mathilde) : https://docs.google.com/spreadsheets/d/1AuFOZjWxkcBIKoZVbi31pURp7h0B0VY9O9Rmct-_KU4/edit?userstoinvite=remy.seillier@francetierslieux.fr&ts=5e78b17e&actionButton=1#gid=1181031316,OUI,
Circular hands-free opener for front door bar (COVID19) - Sur-poignée de porte ,,SANTE,PROTECTION,DIY,PORTE,INDIVIDU,,https://www.thingiverse.com/thing:4232342,,,-,-,-,-,NA,NA,NA,NA,https://raw.githubusercontent.com/co-demos/covid-viz/master/illustrations/masks_visieres/Capture%20d%E2%80%99%C3%A9cran%202020-03-29%20%C3%A0%2013.42.36.png,Sur-poignée de porte en I3D pour bares,,,en,CG,NR,sur le groupe (Mathilde) : https://docs.google.com/spreadsheets/d/1AuFOZjWxkcBIKoZVbi31pURp7h0B0VY9O9Rmct-_KU4/edit?userstoinvite=remy.seillier@francetierslieux.fr&ts=5e78b17e&actionButton=1#gid=1181031317,OUI,
Hands-free opener for door L-handle 19mm without screws (COVID19) - Sur-poignée de porte ,,SANTE,PROTECTION,DIY,PORTE,INDIVIDU,,https://www.thingiverse.com/thing:4232365,,,-,-,-,-,NA,NA,NA,NA,https://raw.githubusercontent.com/co-demos/covid-viz/master/illustrations/masks_visieres/Capture%20d%E2%80%99%C3%A9cran%202020-03-29%20%C3%A0%2013.43.42.png,Sur-poignée en I3D,,,en,CG,NR,sur le groupe (Mathilde) : https://docs.google.com/spreadsheets/d/1AuFOZjWxkcBIKoZVbi31pURp7h0B0VY9O9Rmct-_KU4/edit?userstoinvite=remy.seillier@francetierslieux.fr&ts=5e78b17e&actionButton=1#gid=1181031318,OUI,
Prototype of Open-source ventilator  that can be made anywhere locally,,SANTE,HOPITAL,DIY/INDUSTRIEL,RESPIRATEUR_VENTILATOR,GROUPE,,https://www.ventilaid.org/,,,-,-,-,-,NA,NA,NA,NA,https://www.ventilaid.org/wp-content/uploads/2020/03/vent.png,Projet respirateur proto en cours de test,,,en,CG,NR,sur le site ils indique que des test cliniques d'un proto sont en cours - lle proto n'a pas vocation a servire en milieu hospitalier !!le groupe (Mathilde) : https://docs.google.com/spreadsheets/d/1AuFOZjWxkcBIKoZVbi31pURp7h0B0VY9O9Rmct-_KU4/edit?userstoinvite=remy.seillier@francetierslieux.fr&ts=5e78b17e&actionButton=1#gid=1181031319,OUI,
Low-Cost Open-Source Ventilator-ish Device or PAPR,,SANTE,HOPITAL,DIY/INDUSTRIEL,RESPIRATEUR_VENTILATOR,GROUPE,,https://github.com/jcl5m1/ventilator,,,-,-,-,-,NA,NA,NA,NA,https://raw.githubusercontent.com/jcl5m1/ventilator/master/images/full%20system.jpg,respirtauer open source,,,en,CG,NR,sur le groupe (Mathilde) : https://docs.google.com/spreadsheets/d/1AuFOZjWxkcBIKoZVbi31pURp7h0B0VY9O9Rmct-_KU4/edit?userstoinvite=remy.seillier@francetierslieux.fr&ts=5e78b17e&actionButton=1#gid=1181031318,OUI,
Specifications for simple open source mechanical ventilator,,SANTE,HOPITAL,DIY/INDUSTRIEL,RESPIRATEUR_VENTILATOR,GROUPE,,https://docs.google.com/document/d/1FNPwrQjB1qW1330s5-S_-VB0vDHajMWKieJRjINCNeE/mobilebasic,,,-,-,-,-,NA,NA,NA,NA,https://lh4.googleusercontent.com/rait6VNvbchYbzyYsXKKDK7g7pJTnQecoun_HBct8B7y9BOPB6wj36j4VJ14Fw6KUKKpWBbnAZWqHSdj47zTXDJ6qBx2hdHovZRXwC_2LdW-eCMr2_8jI7I9cqOR7X-ElVEFFs9j=s800,spécification pour prod,,,en,CG,NR,sur le groupe (Mathilde) : https://docs.google.com/spreadsheets/d/1AuFOZjWxkcBIKoZVbi31pURp7h0B0VY9O9Rmct-_KU4/edit?userstoinvite=remy.seillier@francetierslieux.fr&ts=5e78b17e&actionButton=1#gid=1181031319,OUI,
Design and Prototyping of a Low-cost Portable Mechanical Ventilator ,Article sur le design et le prototypage d'un respirateur lowtech,SANTE,HOPITAL,DIY,RESPIRATEUR_VENTILATOR,INSTITUTION,MIT  Department of Mechanical Engineering,http://web.mit.edu/2.75/projects/DMD_2010_Al_Husseini.pdf,,,,,,,NA,NA,NA,NA,https://raw.githubusercontent.com/co-demos/covid-viz/master/illustrations/masks_visieres/Capture%20d%E2%80%99%C3%A9cran%202020-03-29%20%C3%A0%2013.50.45.png,,,,en,TS,NR,,OUI,
Sanitary Door Handle / Foot Door Handle,Accessoire permettant une utilisation du materiel domestique avec le pied,SANTE,PROTECTION,DIY,PORTE,ANONYME,,https://www.thingiverse.com/thing:356920,,,,3D print,,,NA,NA,NA,NA,https://raw.githubusercontent.com/co-demos/covid-viz/master/illustrations/masks_visieres/Capture%20d%E2%80%99%C3%A9cran%202020-03-29%20%C3%A0%2013.51.27.png,,,,en,TS,NR,,OUI,
Cigar pipe style respirator / mask,Enbout/ valve de respirateur en I3D,SANTE,PROTECTION,DIY,AUTRE,ANONYME,,https://www.thingiverse.com/thing:4189592,,,,3D print,,,NA,NA,NA,NA,https://raw.githubusercontent.com/co-demos/covid-viz/master/illustrations/masks_visieres/Capture%20d%E2%80%99%C3%A9cran%202020-03-29%20%C3%A0%2013.53.26.png,,,,en,TS,NR,,OUI,
Flexible Mask Valvy,,SANTE,PROTECTION,DIY,MASQUE_I3D,ANONYME,,https://www.thingiverse.com/thing:4177128,,,,3D print,,,NA,NA,NA,NA,https://raw.githubusercontent.com/co-demos/covid-viz/master/illustrations/masks_visieres/Capture%20d%E2%80%99%C3%A9cran%202020-03-29%20%C3%A0%2013.55.55.png,,,,en,TS,NR,,OUI,
Simply Flexible Mask,,SANTE,PROTECTION,DIY,MASQUE_I3D,ANONYME,,https://www.thingiverse.com/thing:4164771,,,,3D print,,,NA,NA,NA,NA,https://raw.githubusercontent.com/co-demos/covid-viz/master/illustrations/masks_visieres/Capture%20d%E2%80%99%C3%A9cran%202020-03-29%20%C3%A0%2013.56.50.png,,,,en,TS,NR,,OUI,
Flexible Mask,,SANTE,PROTECTION,DIY,MASQUE_I3D,ANONYME,,https://www.thingiverse.com/thing:4160337,,,,3D print,,,NA,NA,NA,NA,https://raw.githubusercontent.com/co-demos/covid-viz/master/illustrations/masks_visieres/Capture%20d%E2%80%99%C3%A9cran%202020-03-29%20%C3%A0%2013.57.37.png,,,,en,TS,NR,,OUI,
The Pandemic Ventilator,Assembly instructions for a DIY Ventilator prototype,SANTE,PROTECTION,DIY,RESPIRATEUR_VENTILATOR,GROUPE,Panvent,https://www.instructables.com/id/The-Pandemic-Ventilator/,,,,3D print,,,NA,NA,NA,NA,https://cdn.instructables.com/F4M/LUIM/FAKWQ638/F4MLUIMFAKWQ638.LARGE.jpg?auto=webp&frame=1&fit=bounds,,,,en,TS,NR,,OUI,
3dline_mask,,SANTE,PROTECTION,DIY,MASQUE_I3D,GROUPE,OpenSourceMask,https://drive.google.com/file/d/1HxtHyrJs4f1yyogTcjuxWnolE3HNxW_2/view,,,,3D print,,,NA,NA,NA,NA,https://raw.githubusercontent.com/co-demos/covid-viz/master/illustrations/masks_visieres/Capture%20d%E2%80%99%C3%A9cran%202020-03-29%20%C3%A0%2014.48.28.png,,,,it,TS,NR,,OUI,
COVID-19-FACE-SHIELD-master,,SANTE,PROTECTION,DIY,VISIERE,GROUPE,OpenSourceMask,https://drive.google.com/file/d/1gUgknfqFcHR2Fp6rdzB6_OUpbvgBB_Ya/view,,,,3D print,,,NA,NA,NA,NA,https://raw.githubusercontent.com/co-demos/covid-viz/master/illustrations/masks_visieres/Capture%20d%E2%80%99%C3%A9cran%202020-03-29%20%C3%A0%2014.45.17.png,,,,it,TS,NR,,OUI,
"Reusable Full-Face Snorkel Mask PPE Project
",,SANTE,PROTECTION,DIY/GROUPE,MASQUE_SNORKLING,GROUPE,,https://docs.google.com/document/d/1J22le3dBZBnNDXGlJLRb38z7v7LaOjKfDeN9f0tFeKY/edit?fbclid=IwAR13JUjcYwYhvus415Gx7jCbCFQ2qb833_2A88HJNF2zqJty6jaP1xBKz2Q#heading=h.qepwlul21cwk,,,,,,,NA,NA,NA,NA,https://raw.githubusercontent.com/co-demos/covid-viz/master/illustrations/masks_visieres/Capture%20d%E2%80%99%C3%A9cran%202020-03-29%20%C3%A0%2014.49.09.png,,,,en,CG,NR,,OUI,
Mascarilla casera,Tutoriel pour la réalisation d'un masque en tissu,SANTE,PROTECTION,DIY,MASQUE_TISSU,GROUPE,Albaciudad93.fm,https://albaciudad.org/2020/03/tapabocas-mascarillas-coronavirus-metro-como-hacer-uno/,,,,Low tech (recup'),,,NA,NA,NA,NA,https://albaciudad.org/wp-content/uploads/2020/03/nasobuco-10.jpg,,,,es,TS,NR,,OUI,
PAPR Personal Air Powered Respirator DIY,,SANTE,PROTECTION,DIY,RESPIRATEUR_VENTILATOR,ANONYME,,https://www.thingiverse.com/thing:3806256,,,,3D print & arduino,,,NA,NA,NA,NA,https://raw.githubusercontent.com/co-demos/covid-viz/master/illustrations/masks_visieres/Capture%20d%E2%80%99%C3%A9cran%202020-03-29%20%C3%A0%2014.51.47.png,,,,en,TS,NR,,OUI,
Powered air-purifying respirator from a standard 3M respirator,,SANTE,PROTECTION,DIY,RESPIRATEUR_VENTILATOR,ANONYME,,https://www.thingiverse.com/thing:2843547,,,,3D print,,,NA,NA,NA,NA,https://raw.githubusercontent.com/co-demos/covid-viz/master/illustrations/masks_visieres/Capture%20d%E2%80%99%C3%A9cran%202020-03-29%20%C3%A0%2014.54.03.png,,,,en,TS,NR,,OUI,
Tutoriel DIY Hand Sanitiser - Gel hydro-alcoolique,,SANTE,HYGIENE,DIY,GEL,INDIVIDU,,https://www.youtube.com/watch?v=qsX7tEM6gFA&feature=share,,,,Chimics,,,NA,NA,NA,NA,https://raw.githubusercontent.com/co-demos/covid-viz/master/illustrations/masks_visieres/Capture%20d%E2%80%99%C3%A9cran%202020-03-29%20%C3%A0%2014.56.17.png,,,,en,TS,NR,,OUI,
Masques I3D par HP,,SANTE,PROTECTION,DIY/INDUSTRIEL,MASQUE_I3D,INSTITUTION,,https://www.usine-digitale.fr/article/covid-19-hp-se-mobilise-pour-combler-la-penurie-de-materiel-medical-grace-a-l-impression-3d.N945776,,,,3Dprint,,,NA,NA,NA,NA,https://raw.githubusercontent.com/co-demos/covid-viz/master/illustrations/masks_visieres/Capture%20d%E2%80%99%C3%A9cran%202020-03-29%20%C3%A0%2014.57.50.png,,,,en,CG,VALIDE_PAR_AUTORITE_FR,,OUI,
FLU REUSABLE MASK,,SANTE,PROTECTION,DIY,VISIERE,INDIVIDU,,https://grabcad.com/library/coronavirus-flu-reusable-mask-1,,,,3D print,,,NA,NA,NA,NA,https://d2t1xqejof9utc.cloudfront.net/screenshots/pics/9bd850b5f3a2877cbd485578840740e9/large.jpg,,,,en,TS,NR,,OUI,
Visiera protettiva  Safety Face Shield  Visor mask  Visera para proteger la cara,,SANTE,PROTECTION,DIY,VISIERE,INDIVIDU,,https://www.thingiverse.com/thing:4222407/files,,,,3D print,,,NA,NA,NA,NA,https://raw.githubusercontent.com/co-demos/covid-viz/master/illustrations/masks_visieres/Capture%20d%E2%80%99%C3%A9cran%202020-03-29%20%C3%A0%2015.01.53.png,,,,es,TS,NR,,OUI,
Respiradores DIY [ coronavirus (COVID-19) ],,SANTE,PROTECTION,DIY,RESPIRATEUR_VENTILATOR,INDIVIDU,,https://cad.onshape.com/documents/a5d67baebef4534615731db1/w/8f5a8b35130cb7578c857eaf/e/ba0c1d2ee3dcce3891392f6f,,,,3D print,,,NA,NA,NA,NA,https://raw.githubusercontent.com/co-demos/covid-viz/master/illustrations/masks_visieres/Capture%20d%E2%80%99%C3%A9cran%202020-03-29%20%C3%A0%2015.03.00.png,,,,en,TS,NR,,OUI,
máscara primera linea corona-virus,,SANTE,PROTECTION,DIY,VISIERE,INDIVIDU,,https://grabcad.com/library/mascara-primera-linea-corona-virus-1,,,,3D print,,,NA,NA,NA,NA,https://d2t1xqejof9utc.cloudfront.net/screenshots/pics/9b01d3dd16209d997428f9e3c2d43cb8/large.png,,,,es,TS,NR,,OUI,
Porta Pantalla Facial,,SANTE,PROTECTION,DIY,VISIERE,INDIVIDU,,https://cad.onshape.com/documents/a1c094e197aed615ee86edfc/w/f99a6e78c9826fd5d845371a/e/62eb766b6559dea96752095f,,,,3D print,,,NA,NA,NA,NA,https://raw.githubusercontent.com/co-demos/covid-viz/master/illustrations/masks_visieres/Capture%20d%E2%80%99%C3%A9cran%202020-03-29%20%C3%A0%2015.04.16.png,,,,es,TS,NR,,OUI,
Respirador 23,,SANTE,PROTECTION,DIY,RESPIRATEUR_VENTILATOR,Groupe,Reesistencia,https://www.dropbox.com/s/pt65at0gktnzxg8/Reespirator23%20-%20Reespirator23.stp-1%20conjunto.stp-1%20empujador.stp-1.STL?dl=0,,,,3D print,,,NA,NA,NA,NA,https://raw.githubusercontent.com/co-demos/covid-viz/master/illustrations/masks_visieres/Capture%20d%E2%80%99%C3%A9cran%202020-03-29%20%C3%A0%2015.05.11.png,,,,es,CG,NR,,OUI,
Respirateur,,SANTE,,DIY,RESPIRATEUR_VENTILATOR,ANONYME,,https://drive.google.com/drive/u/0/folders/12w20nDsfiIU89UhyNStr0hOPp0wjCocb,,,,,,,NA,NA,NA,NA,https://raw.githubusercontent.com/co-demos/covid-viz/master/illustrations/masks_visieres/Capture%20d%E2%80%99%C3%A9cran%202020-03-29%20%C3%A0%2015.07.24.png,,,,en,CG,NR,,OUI,
Visière Prusa - Version de base,Prusa,SANTE,PROTECTION,DIY,VISIERE,GROUPE,,https://www.prusaprinters.org/prints/25857-prusa-protective-face-shield-rc2,,,,,,,NA,NA,NA,NA,https://media.prusaprinters.org/thumbs/cover/640x480/media/prints/25857/images/261613_7194822b-d479-4c81-b71a-1308a86ca866/stit_bij.jpg,,https://docs.google.com/spreadsheets/d/1jpDEPTE5adj8FiwWpyOaMbNJOsyynJKzqXmpooCHnog/edit#gid=0,,en,TS,NR,,OUI,
"Visière Prusa - Remix -""#resistancecovid""",Prusa (Remix),SANTE,PROTECTION,DIY,VISIERE,GROUPE,,https://www.prusaprinters.org/prints/26427-prusa-protective-face-shield-rc1-rc2-remix-rc3-eas,,,,,,,NA,NA,NA,NA,https://pbs.twimg.com/media/ETzBaroXQAEBQ4Q?format=jpg&name=large,,https://docs.google.com/spreadsheets/d/1jpDEPTE5adj8FiwWpyOaMbNJOsyynJKzqXmpooCHnog/edit#gid=0,,en,TS,NR,,OUI,
Visière Prusa - RC03,Prusa,SANTE,PROTECTION,DIY,VISIERE,GROUPE,,https://www.prusaprinters.org/prints/26427-shield-face-protection-rc3-remix-of-rc2-without-an/files,,,,,,,NA,NA,NA,NA,https://media.prusaprinters.org/thumbs/cover/640x480/media/prints/26427/images/268758_f762baa6-9127-4357-956b-e46135786e27/shiel-protection-rc3-v5.jpg,,https://docs.google.com/spreadsheets/d/1jpDEPTE5adj8FiwWpyOaMbNJOsyynJKzqXmpooCHnog/edit#gid=0,,en,TS,NR,,OUI,
3D printed COVID-19 Face Shield Mask - Manual for makers (blackbelt),,SANTE,PROTECTION,DIY,VISIERE,GROUPE,,https://www.linkedin.com/pulse/3d-printed-covid-19-face-shield-mask-manual-makers-sch%C3%BCrmann/,,,,,,,NA,NA,NA,NA,https://media-exp1.licdn.com/dms/image/C4D12AQHpb8k0KpBaQA/article-inline_image-shrink_1500_2232/0?e=1590624000&v=beta&t=rX6HsR40zCdwPTXmPu_6sVUXUdHIStaICRO9j6N-iXU,,https://docs.google.com/spreadsheets/d/1jpDEPTE5adj8FiwWpyOaMbNJOsyynJKzqXmpooCHnog/edit#gid=0,,en,TS,NR,,OUI,
Visiere de protection,Visiere de protection -,SANTE,PROTECTION,DIY,VISIERE,GROUPE,,https://www.thingiverse.com/thing:4238117,,,,,,,NA,NA,NA,NA,https://cdn.thingiverse.com/assets/f6/3f/0e/57/26/featured_preview_CAO_visiere.jpg,,https://docs.google.com/spreadsheets/d/1jpDEPTE5adj8FiwWpyOaMbNJOsyynJKzqXmpooCHnog/edit#gid=0,,fr,TS,NR,,OUI,
Stratasys Face Shield,Visière de protection,SANTE,PROTECTION,DIY,VISIERE,GROUPE,,https://go.stratasys.com/lp-face-shield.html,,,PLA,,,,NA,NA,NA,NA,https://raw.githubusercontent.com/co-demos/cis-data/master/illustrations/textures/medium_fiche_10.png?raw=true,Pas de matériau de support,https://docs.google.com/spreadsheets/d/1AuFOZjWxkcBIKoZVbi31pURp7h0B0VY9O9Rmct-_KU4/edit?usp=sharing,,en,TS,NR,,OUI,
MIT Emergency Ventilator (E-Vent) Project,Almost every bed in a hospital has a manual resuscitator (Ambu-Bag) nearby  available in the event of a rapid response or code where healthcare workers maintain oxygenation by squeezing the bag. Automating this appears to be the simplest strategy that satisfies the need for low-cost mechanical ventilation  with the ability to be rapidly manufactured in large quantities. However  doing this safely is not trivial.,SANTE,,DIY,RESPIRATEUR_VENTILATOR,INSTITUTION,MIT,https://e-vent.mit.edu/,,,,,,,NA,NA,NA,NA,https://e-vent.mit.edu/wp-content/uploads/2020/03/MIT_E_Vent_Mannequin_ControllerBoard_3_16_20I4193W-1-2048x1434.jpg,,,,en,TS,NR,,OUI,
Modèle de masque barrière,AFNOR met à disposition gratuitement un référentiel pour faciliter et accélérer la fabrication en série ou artisanale d’un nouveau modèle de masque  dit « masque barrière ». Celui-ci vise protéger la population saine  en complément des indispensables gestes barrières face au Coronavirus.,SANTE,,DIY,MASQUE_TISSU,NR,AFNOR,https://www.afnor.org/actualites/coronavirus-telechargez-le-modele-de-masque-barriere/,,,,,,,NA,NA,NA,NA,https://www.afnor.org/wp-content/uploads/2020/03/GettyImages-pixelfit-1212782109.jpg,,,,fr,JPy,NR,,OUI,
Valvula Venturi Respirateur,"Author: Source: cults3d
Validation médical : Pas validé
Temps d'impression : 3h30
Status du projet : Final
Impression resine SLA/LCDNote retour médical : Prêt pour test.",SANTE,,DIY,VALVE,NR,,https://wiki.resistancecovid.com/doku.php?id=valve_respiratoire_rc1,,,,,,,NA,NA,NA,NA,https://resistancecovid.com/files/valvulaventuri/valvula-venturi-respirador.jpg,,https://resistancecovid.com/,,fr,JPy,NR,,OUI,
Adaptateur valve Masque ," Author: Unknow
Validation médicale : OUI
Temps d'impression : 1h45 FDM
Status du projet : final
",SANTE,,DIY,VALVE,NR,,https://wiki.resistancecovid.com/doku.php?id=tuto-valve-decathlon26d,,,,,,,NA,NA,NA,NA,https://resistancecovid.com/files/valvedecathlon26d/v26d.png,,https://resistancecovid.com/,,fr,JPy,NR,,OUI,
MUR project,Le Minimal Universal respirator est un Respirateur de fortune prototypé par un collectif de bénévoles cherchant à ce qu'il soit rapidement produit  facile d’utilisation  efficace et intuitif.,SANTE,HOPITAL,DIY,RESPIRATEUR_VENTILATOR,NR,,https://www.mur-project.org/,,,-,-,-,-,NA,NA,NA,FRANCE,https://www.mur-project.org/medias/index.jpg,-,,oui,fr,JPy,NR,,OUI,
United Makers Forum,Plateforme d'échange et d'entraide entre offre et demande de solutions pour combattre le COVID19 par l'ingéniosité locale.,HELP/SANTE,,INITIATIVE/DIY,MAKERS,NR,,https://www.unitedmakers.net/forum/index.php,,,,,,,,,,,https://www.unitedmakers.net/forum/images/logo.png,,https://github.com/soroushchehresa/awesome-coronavirus/blob/master/README.md,,,,,,,
Door Opener,Permet d'ouvrir tout type de porte sans contact avec les mains,SANTE,PROTECTION,DIY,-,GROUPE,,https://www.thingiverse.com/thing:4229393,,,,,,,,,,,https://raw.githubusercontent.com/co-demos/covid-viz/master/graphisme/covid-illustrations/illu_DIY_2.png?raw=true,PLA  PETG  PA12,https://docs.google.com/spreadsheets/d/1AuFOZjWxkcBIKoZVbi31pURp7h0B0VY9O9Rmct-_KU4/edit?usp=sharing,,,,NR,épaisseur de coque 1 2mm ; remplissage 20%,OUI,04/01/2020
Mask X-Factor,permet de lutter efficacement en multipliant et optimisant l’utilisation des masques médicaux à filtres certifiés existants. Un seul masque peut alors devenir 5 à 10 nouveaux masques avec les mêmes capacités filtrantes. lavable en machine ou lave vaisselle.,SANTE,PROTECTION,DIY,MASQUE_I3D,ENTREPRISE,Fabulou Impression 3D,https://sketchfab.com/fabulous,,,http://fabulous.com.co/blog/3d-printed-x-factor-mask-covid-19-fabulous-tech-center-proposal/,,,,,,,,https://raw.githubusercontent.com/co-demos/covid-viz/master/graphisme/covid-illustrations/illu_DIY_2.png?raw=true,TPU 70A en SLS,https://docs.google.com/spreadsheets/d/1AuFOZjWxkcBIKoZVbi31pURp7h0B0VY9O9Rmct-_KU4/edit?usp=sharing,,,,NR,TPU en grade médical avec contact cutané certifié,OUI,04/01/2020
"Respirateur
Open Source",Projet Open source (+300 contributeurs) pour la création d'un dispositif d'assistance respiratoire,SANTE,PROTECTION,DIY,RESPIRATEUR_VENTILATOR,GROUPE,,,,,https://techcrunch.com/2020/03/19/open-source-project-spins-up-3d-printed-ventilator-validation-prototype-in-just-one-week/?guccounter=1,,,,,,,,https://raw.githubusercontent.com/co-demos/covid-viz/master/graphisme/covid-illustrations/illu_DIY_2.png?raw=true,,https://docs.google.com/spreadsheets/d/1AuFOZjWxkcBIKoZVbi31pURp7h0B0VY9O9Rmct-_KU4/edit?usp=sharing,,,,NR,,OUI,04/01/2020
3D printed valve for adapting existing design (Decathlon) to ventilator outlet,,SANTE,,DIY,MASQUE_TISSU,NR,,https://www.isinnova.it/easy-covid19-eng/,,,,,,,NA,NA,NA,NA,https://raw.githubusercontent.com/co-demos/covid-viz/master/graphisme/covid-illustrations/illu_masque_tissu_2.png?raw=true,,https://docs.google.com/spreadsheets/d/1e81ceSrVT6Bl4UaS1SxIUUUzgZAdkIstU7Hzot08Ld8/edit#gid=46475755,,,,NR,,OUI,
"Absolutely minimal 5-minute face shield mask

- quality: DIY
- easy to disinfect (eg. isopropyl alcohol)
- protects eyes
- soft
- protects face sides
- cheap
- easy to make
- easy breathing
- accommodates glasses
- no 3D printing  no tools except scissors",,SANTE,,DIY,VISIERE,NR,,"Bigger image: 
https://drive.google.com/file/d/1H-DY-kSeRG0nuzhS_YG8iCuNvne5G5Pv/view?usp=sharing

Can create a tutorial if needed.",,,"David Šmehlík
dvsmehlik@gmail.com
@David",,,,NA,NA,NA,NA,https://raw.githubusercontent.com/co-demos/covid-viz/master/graphisme/covid-illustrations/illu_visiere_2.png?raw=true,,https://docs.google.com/spreadsheets/d/1e81ceSrVT6Bl4UaS1SxIUUUzgZAdkIstU7Hzot08Ld8/edit#gid=46475755,,,,NR,,OUI,
"- global protection
- made in collaboration with Pellegrin CHU (Bordeaux)",,SANTE,,DIY,VISIERE,NR,,https://drive.google.com/drive/folders/1iXL7_kgRxMOVB2Q1Rve6HhigsF9-32Aw?fbclid=IwAR06wlIB9uwzgeLhwVAba0Bzo1lHaJ4lzP6y_24c6IsJ_uH36fuvNSN-FsM,,,"D33D (Bastien Dupuy  Ludovic Delhomme)
Bastien très occupé  en support clementnico@hotmail.com 06 75 87 67 34",,,,NA,NA,NA,NA,https://raw.githubusercontent.com/co-demos/covid-viz/master/graphisme/covid-illustrations/illu_visiere_2.png?raw=true,,https://docs.google.com/spreadsheets/d/1e81ceSrVT6Bl4UaS1SxIUUUzgZAdkIstU7Hzot08Ld8/edit#gid=46475755,,,,NR,,OUI,
"- adjustable straps around neck
-includes nose strap
- reusable body
- number of replaceable inlet and outlet valve designs",,SANTE,,DIY,MASQUE_I3D,NR,,https://www.thingiverse.com/thing:4177128,,,Image and info added by Artur Donaldson (arthurdo@pm.me)  designed by iczfirz and made openly available on Thingiverse.com,,,,NA,NA,NA,NA,https://raw.githubusercontent.com/co-demos/covid-viz/master/graphisme/covid-illustrations/illu_masque_tissu.png?raw=true,,https://docs.google.com/spreadsheets/d/1e81ceSrVT6Bl4UaS1SxIUUUzgZAdkIstU7Hzot08Ld8/edit#gid=46475755,,,,NR,,OUI,
features: • independent pleated pockets for filter material insertion • side cinching straps for customized fit close to face • removable nose bridge • no elastic required • flexible side strap options: ties at nape of neck or loops of elastic • easy cutting • breathable/comfortable,,SANTE,,DIY,MASQUE_TISSU,NR,,http://www.antisocialartshow.org/masks,,,Kelly Cheatle  kellycheatle@gmail.com,,,,NA,NA,NA,NA,https://raw.githubusercontent.com/co-demos/covid-viz/master/graphisme/covid-illustrations/illu_masque_tissu_2.png?raw=true,,https://docs.google.com/spreadsheets/d/1e81ceSrVT6Bl4UaS1SxIUUUzgZAdkIstU7Hzot08Ld8/edit#gid=46475755,,,,NR,,OUI,
DefiMODE,Fabricants : les cahiers des charges pour fabriquer des masques sont en ligne,SANTE,,DIY,MASQUE,ENTREPRISE,Institution,https://www.defimode.org/2020/03/18/fabricants-cahier-charges-masques/,,,,,,,,,,France,https://raw.githubusercontent.com/co-demos/covid-viz/master/graphisme/covid-illustrations/illu_DIY_2.png?raw=true,Masque,https://docs.google.com/spreadsheets/d/1C9DT-A5FBN_xEgD1Q9uAU51orJM8XPdKb3xXVTu5qQQ/edit?usp=sharing,,fr,CG,NR,,OUI,04/01/2020