titre_initiative,resume_initiative,tag_besoin_niv1_code,tag_besoin_niv2_code,tag_produit_niv1_code,tag_produit_niv2_code,tag_structure_niv1_code,nom_structure,url_initiative,contact_mail,contact_tel,materiel_utilise,machine_utilisee,capacite_production,version,adresse,code_postal,ville,url_illustration,commentaires,source,est_actif,langue,auteur_data,validation,notes_validation,a_publier,date_maj
Listing visières de protection,recensement des projets de visières,SANTE,PROTECTION,LISTE,VISIERE,ANONYME,,https://docs.google.com/spreadsheets/d/1jpDEPTE5adj8FiwWpyOaMbNJOsyynJKzqXmpooCHnog/edit#gid=0,,,-,-,-,-,NA,NA,NA,https://raw.githubusercontent.com/co-demos/cis-data/master/illustrations/textures/medium_fiche_10.png?raw=true,-,,oui,fr,JPy,NR,,OUI,24/03/2020
Des cartos pour les makers,liste carto pour les makers,INFOS,HELP,LISTE,CARTO,ASSO,,https://pad.degrowth.net/covid19-carto-makers,,,-,-,-,-,NA,NA,NA,https://raw.githubusercontent.com/co-demos/cis-data/master/illustrations/textures/medium_fiche_8.png?raw=true,-,,oui,fr,JPy,NR,,OUI,24/03/2020
COVID19: développeurs/datascientistes - comment aider ?,Des développeurs et datascientistes se mobilisent pour aider dans la lutte contre le COVID19 (Coronavirus.) Cette page vous aide à vous y retrouver.,DATA,HELP/DEV,LISTE,,INDIVIDU,,https://bzg.fr/covid19-developpeurs-datascientistes-comment-aider/,,,-,-,-,-,NA,NA,NA,https://raw.githubusercontent.com/co-demos/cis-data/master/illustrations/textures/medium_fiche_4.png?raw=true,-,,oui,fr,JPy,NR,,OUI,24/03/2020
Ressources COVID,-,INFOS,SCIENCE,LISTE,,ASSO,,https://etherpad.wikimedia.org/p/covid19resources,,,-,-,-,-,NA,NA,NA,https://raw.githubusercontent.com/co-demos/cis-data/master/illustrations/textures/medium_fiche_8.png?raw=true,-,,oui,fr,JPy,NR,,OUI,24/03/2020
Makers for life,-,SANTE,-,LISTE,DIY,ANONYME,,https://docs.google.com/document/d/16GDm0yiQM85stHgQlaYfPcS1Y6g9GwhGpb4Ofgsrmy8/edit,,,-,-,-,-,NA,NA,NA,https://raw.githubusercontent.com/co-demos/cis-data/master/illustrations/textures/medium_fiche_10.png?raw=true,-,,oui,fr,JPy,NR,,OUI,24/03/2020
Liste matériels DIY,-,SANTE,-,LISTE,DIY,-,,https://lite.framacalc.org/9fl0-8k1n6ifpms,,,-,-,-,-,NA,NA,NA,https://raw.githubusercontent.com/co-demos/cis-data/master/illustrations/textures/medium_fiche_10.png?raw=true,-,,oui,fr,JPy,NR,,OUI,24/03/2020
Makers projects,-,SANTE,-,GROUPE,,-,,"https://www.notion.so/af31d3adfff541a18dd6336e16fd223b?v=1d3b06185a42422f9515011cbad7af12
",,,-,-,-,-,NA,NA,NA,https://raw.githubusercontent.com/co-demos/cis-data/master/illustrations/textures/medium_fiche_10.png?raw=true,-,,oui,fr,JPy,NR,,OUI,24/03/2020
Discord Makers,-,SANTE,-,GROUPE,,-,,"https://pad.degrowth.net/0BDaA2_PQkeO56ScMHYLjA?view#
",,,-,-,-,-,NA,NA,NA,https://raw.githubusercontent.com/co-demos/cis-data/master/illustrations/textures/medium_fiche_10.png?raw=true,-,,oui,fr,JPy,NR,,OUI,24/03/2020
COVID data scraped,-,DATA,HELP/DEV,REPO,,INSTITUTION,,https://github.com/lazd/coronadatascraper,,,-,-,-,-,NA,NA,NA,https://raw.githubusercontent.com/co-demos/cis-data/master/illustrations/textures/medium_fiche_4.png?raw=true,-,,oui,fr,JPy,NR,,OUI,24/03/2020
Slack covid ?,-,SANTE,-,GROUPE,,-,,"https://app.slack.com/client/TUU48M0T1/C0104ANKV4L/thread/C0104ANKV4L-1584868485.232300
",,,-,-,-,-,NA,NA,NA,https://raw.githubusercontent.com/co-demos/cis-data/master/illustrations/textures/medium_fiche_10.png?raw=true,-,,oui,fr,JPy,NR,,OUI,24/03/2020
Civic tech Hub,-,SANTE,-,GROUPE,,-,,https://docs.google.com/document/d/e/2PACX-1vS2p8BPJ5d0WcHxRAB0BWCv6fY2lgZPVanfZNqOX4z2e00cOEwPIWhlO5ZNlPb5Fe2Pva_c74leKrR2/pub,,,-,-,-,-,NA,NA,NA,https://raw.githubusercontent.com/co-demos/cis-data/master/illustrations/textures/medium_fiche_10.png?raw=true,-,,oui,fr,JPy,NR,,OUI,24/03/2020
OMS infos,-,INFOS/DATA/SANTE,SCIENCE,MEDIA,,INSTITUTION,OMS,https://www.who.int/fr/emergencies/diseases/novel-coronavirus-2019/advice-for-public/q-a-coronaviruses,,,-,-,-,-,NA,NA,NA,https://raw.githubusercontent.com/co-demos/cis-data/master/illustrations/textures/medium_fiche_1.png?raw=true,-,,oui,fr,JPy,NR,,OUI,24/03/2020
Best pratices,-,INFOS/DATA/SANTE,SCIENCE,DATA,,NR,,https://safecast.org/2020/03/best-practices-in-reference-to-covid-19,,,-,-,-,-,NA,NA,NA,https://raw.githubusercontent.com/co-demos/cis-data/master/illustrations/textures/medium_fiche_1.png?raw=true,-,,oui,fr,JPy,NR,,OUI,24/03/2020
World in data - covid19,-,INFOS/DATA/SANTE,SCIENCE,DATA,,-,,https://ourworldindata.org/coronavirus,,,-,-,-,-,NA,NA,NA,https://raw.githubusercontent.com/co-demos/cis-data/master/illustrations/textures/medium_fiche_1.png?raw=true,-,,oui,fr,JPy,NR,,OUI,24/03/2020
Groupe d’entraide international (kit de détection du SARS-CoV-2) https://app.jogl.io/project/118,-,HELP,,GROUPE,,-,,https://app.jogl.io/project/118,,,-,-,-,-,NA,NA,NA,https://raw.githubusercontent.com/co-demos/cis-data/master/illustrations/textures/medium_fiche_7.png?raw=true,-,,oui,fr,JPy,NR,,OUI,24/03/2020
Regroupement des chercheurs : http://crowdfightcovid19.org/,-,HELP,,GROUPE,,-,,http://crowdfightcovid19.org/,,,-,-,-,-,NA,NA,NA,https://raw.githubusercontent.com/co-demos/cis-data/master/illustrations/textures/medium_fiche_7.png?raw=true,-,,oui,fr,JPy,NR,,OUI,24/03/2020
Groupe d’entraide Maker sur Facebook Contact @ouam41 sur le discord,-,HELP,,GROUPE,,-,,https://www.facebook.com/groups/1120744844933688,,,-,-,-,-,NA,NA,NA,https://raw.githubusercontent.com/co-demos/cis-data/master/illustrations/textures/medium_fiche_7.png?raw=true,-,,oui,fr,JPy,NR,,OUI,24/03/2020
"Groupe entraide maker international (attention, tout n’est pas à prendre)",-,HELP,,GROUPE,,-,,https://www.facebook.com/groups/670932227050506/about#_=_,,,-,-,-,-,NA,NA,NA,https://raw.githubusercontent.com/co-demos/cis-data/master/illustrations/textures/medium_fiche_7.png?raw=true,-,,oui,fr,JPy,NR,,OUI,24/03/2020
#COVID entraide Rhône-Alpes,-,HELP,,GROUPE,,-,,https://pad.degrowth.net/0BDaA2_PQkeO56ScMHYLjA?view,,,-,-,-,-,NA,NA,NA,https://raw.githubusercontent.com/co-demos/cis-data/master/illustrations/textures/medium_fiche_7.png?raw=true,-,,oui,fr,JPy,NR,,OUI,24/03/2020
#COVID entraide info France,-,HELP,,GROUPE,,-,,https://www.facebook.com/groups/208192820288100/,,,-,-,-,-,NA,NA,NA,https://raw.githubusercontent.com/co-demos/cis-data/master/illustrations/textures/medium_fiche_7.png?raw=true,-,,oui,fr,JPy,NR,,OUI,24/03/2020
#COVID entraide France,-,HELP,,GROUPE,,-,,tg://join?invite=Kd5EWxK0U1v0qbOffsqp0w,,,-,-,-,-,NA,NA,NA,https://raw.githubusercontent.com/co-demos/cis-data/master/illustrations/textures/medium_fiche_7.png?raw=true,-,,oui,fr,JPy,NR,,OUI,24/03/2020
#COVID-ENTRAIDE,-,HELP,,GROUPE,,-,,tg://join?invite=Kd5EW0kFszT96K7Q32Ohag,,,-,-,-,-,NA,NA,NA,https://raw.githubusercontent.com/co-demos/cis-data/master/illustrations/textures/medium_fiche_7.png?raw=true,-,,oui,fr,JPy,NR,,OUI,24/03/2020
@corona live (France),-,HELP,,GROUPE,,-,,https://webtelegram.us/#/im?p=@coronalive,,,-,-,-,-,NA,NA,NA,https://raw.githubusercontent.com/co-demos/cis-data/master/illustrations/textures/medium_fiche_7.png?raw=true,-,,oui,fr,JPy,NR,,OUI,24/03/2020
Logal Groupe Resources (UK),-,HELP,,GROUPE,,-,,https://covidmutualaid.org/resources,,,-,-,-,-,NA,NA,NA,https://raw.githubusercontent.com/co-demos/cis-data/master/illustrations/textures/medium_fiche_7.png?raw=true,-,,oui,fr,JPy,NR,,OUI,24/03/2020
Makers For Life,-,SANTE/INFOS/DATA,,GROUPE/DIY,VENTILATOR,,,https://docs.google.com/document/d/1l1nt0o93kdfcmPygp1k6NYKrwIb_uN01kcBAfovy2dE/edit?fbclid=IwAR0LmtnUynp4_Uq5kUe_WrKGlWRdEAzeet-IBAe0M8VS9OYCDUDQY8lxi2k,,,-,-,-,-,NA,NA,NA,https://raw.githubusercontent.com/co-demos/cis-data/master/illustrations/textures/medium_fiche_1.png?raw=true,-,,oui,fr,CG,NR,,OUI,25/03/2021
Groups inventory (USA) - COVID-19 Mutual Aid - ,,HELP,,LISTE/GROUPE,-,-,,https://itsgoingdown.org/c19-mutual-aid/,,,-,-,-,-,NA,NA,NA,https://raw.githubusercontent.com/co-demos/cis-data/master/illustrations/textures/medium_fiche_7.png?raw=true,-,,oui,en,CG,NR,,-,25/03/2022
Groups inventory  (Germany) -  COVID-19 local solidarity,,HELP,,LISTE/GROUPE,-,-,,https://listling.org/lists/pwfjfkpjmesjjinm/solidarische-nachbarschaftshilfe,,,-,-,-,-,NA,NA,NA,https://raw.githubusercontent.com/co-demos/cis-data/master/illustrations/textures/medium_fiche_7.png?raw=true,,,oui,de,CG,NR,,-,25/03/2023
(Columbia) Mutual Aid,,HELP,,GROUPE/LISTE,-,,,https://actua.frenalacurva.net/,,,-,-,-,-,NA,NA,NA,https://raw.githubusercontent.com/co-demos/cis-data/master/illustrations/textures/medium_fiche_7.png?raw=true,,,oui,es,CG,NR,,-,25/03/2024
(China) Wuhan 2020 Open source community,,HELP/INFOS/DATA,,GROUPE/LISTE,-,,,https://github.com/wuhan2020/wuhan2020/blob/master/README_EN.md,,,-,-,-,-,NA,NA,NA,https://raw.githubusercontent.com/co-demos/cis-data/master/illustrations/textures/medium_fiche_1.png?raw=true,,,oui,ch/en,CG,NR,,-,25/03/2025
Guide création gel hydro,-,SANTE,HYGIENE,DIY,GEL,NR,,https://pad.degrowth.net/pCCyDqYpTQqfoj2LabCevA#,-,-,-,-,-,-,NA,NA,NA,https://raw.githubusercontent.com/co-demos/cis-data/master/illustrations/textures/medium_fiche_10.png?raw=true,,,,fr,JPy,NR,,OUI,24/03/2020
Breezy - the crisis emergency ventilator,-,SANTE,HOPITAL,DIY,RESPIRATEUR,NR,,https://app.jogl.io/project/151,-,-,-,-,-,-,NA,NA,NA,https://raw.githubusercontent.com/co-demos/cis-data/master/illustrations/textures/medium_fiche_10.png?raw=true,,,,fr,JPy,NR,,OUI,24/03/2020
-,-,SANTE,HOPITAL,DIY,POUSSE_SERINGUE,NR,,,-,-,-,-,-,-,NA,NA,NA,https://raw.githubusercontent.com/co-demos/cis-data/master/illustrations/textures/medium_fiche_10.png?raw=true,,,,fr,JPy,NR,,OUI,24/03/2020
COVID-19 Medical Face Shield,-,SANTE,PROTECTION,DIY,VISIERE,INSTITUTION,UNIVERSITY of WISCONSIN–MADISON Makerspace,https://making.engr.wisc.edu/shield/,-,-,-,-,-,-,NA,NA,NA,https://raw.githubusercontent.com/co-demos/cis-data/master/illustrations/textures/medium_fiche_10.png?raw=true,,,,fr,JPy,PARTIELLE,Il y a des personnels de santé dans l'équipe. ce n'est pas hyper clair si leur modèle est utilisé dans les hopitaux ou s'ils pointent celui dont ils s'inspirent. Ils cherchent des acteurs capable de produire en série.,OUI,24/03/2020
Low-cost & Open-Source Covid19 Detection kits,-,SANTE,HOPITAL,DIY,TESTKIT,ANONYME,,https://app.jogl.io/project/118,-,-,-,-,-,-,NA,NA,NA,https://raw.githubusercontent.com/co-demos/cis-data/master/illustrations/textures/medium_fiche_10.png?raw=true,,,,fr,JPy,NR,,OUI,24/03/2020
Formule de l'OMS,-,SANTE,HYGIENE,DIY/PRO,GEL,ANONYME,,https://cdn.discordapp.com/attachments/689052206552580136/689112626361532591/guide_production_locale_produit_hydro_alcoolique.pdf,-,-,-,-,-,-,NA,NA,NA,https://raw.githubusercontent.com/co-demos/cis-data/master/illustrations/textures/medium_fiche_10.png?raw=true,Gel Hydroalcoolique,,,fr,JPy,NR,,OUI,24/03/2020
Autres formule,-,SANTE,HYGIENE,DIY,,ANONYME,,https://www.femmeactuelle.fr/sante/sante-pratique/gel-hydroalcoolique-la-recette-pour-fabriquer-son-propre-desinfectant-pour-les-mains-2092084?fbclid=IwAR12LJF9yp88oF7hAzAPhsrZTzDE2Eq_oLIXNnQYGsTl-FDkN25DDq0V1B4,-,-,-,-,-,-,NA,NA,NA,https://raw.githubusercontent.com/co-demos/cis-data/master/illustrations/textures/medium_fiche_10.png?raw=true,,,,fr,JPy,NR,,OUI,24/03/2020
Boitier PCR low-cost,-,SANTE,HOPITAL,DIY,TEST,ANONYME,,,-,-,-,-,-,-,NA,NA,NA,https://raw.githubusercontent.com/co-demos/cis-data/master/illustrations/textures/medium_fiche_10.png?raw=true,Test / détection,,,fr,JPy,NR,,OUI,24/03/2020
Patron masque tissu réalisé par le CHU Grenoble,-,SANTE,HOPITAL,DIY/PRO,MASQUE_TISSU,ANONYME,,https://cdn.discordapp.com/attachments/689052155310506005/689112495134081063/faites_vos_masques_a_la_maison.pdf,-,-,-,-,-,-,NA,NA,NA,https://raw.githubusercontent.com/co-demos/cis-data/master/illustrations/textures/medium_fiche_10.png?raw=true,Masque,,,fr,JPy,PARTIELLE,?,OUI,24/03/2020
Masque de protection facial au projection faite avec une feuille A4 transparente,-,SANTE,PROTECTION,DIY,PROTECTION,ANONYME,,https://www.thingiverse.com/thing:4147460,-,-,-,-,-,-,NA,NA,NA,https://raw.githubusercontent.com/co-demos/cis-data/master/illustrations/textures/medium_fiche_10.png?raw=true,Protection,,,fr,JPy,NR,,OUI,24/03/2020
kit pour faire un masque en papier absorbant,-,SANTE,HOPITAL,DIY,MASQUE,ANONYME,,https://www.thingiverse.com/thing:4218338,-,-,-,-,-,-,NA,NA,NA,https://raw.githubusercontent.com/co-demos/cis-data/master/illustrations/textures/medium_fiche_10.png?raw=true,Masque en sopalin MAIS avec accessoires,,,en/es/it,JPy,NR,sur le groupe : https://docs.google.com/spreadsheets/d/1e81ceSrVT6Bl4UaS1SxIUUUzgZAdkIstU7Hzot08Ld8/edit#gid=0,OUI,24/03/2020
boitier Hepa customisable,-,SANTE,HOPITAL,DIY,PROTECTION,ANONYME,,https://www.thingiverse.com/thing:4196325,-,-,-,-,-,-,NA,NA,NA,https://raw.githubusercontent.com/co-demos/cis-data/master/illustrations/textures/medium_fiche_10.png?raw=true,Protection,,,fr,JPy,NR,,OUI,24/03/2020
Boitier PCR low-cost,-,SANTE,HOPITAL,DIY,TEST,ANONYME,,,-,-,-,-,-,-,NA,NA,NA,https://raw.githubusercontent.com/co-demos/cis-data/master/illustrations/textures/medium_fiche_10.png?raw=true,Test / détection,,,fr,JPy,NR,,OUI,24/03/2020
Papier toilette ré-utilisable,-,SANTE,HYGIENE,DIY,HYGIENE,ANONYME,,https://www.thingiverse.com/thing:4217621,-,-,-,-,-,-,NA,NA,NA,https://raw.githubusercontent.com/co-demos/cis-data/master/illustrations/textures/medium_fiche_10.png?raw=true,Hygiéne,,,fr,JPy,NR,,OUI,24/03/2020
Masque de protection avec 2 filtres,-,SANTE,HOPITAL,DIY,MASQUE,ANONYME,,https://www.thingiverse.com/thing:4217534,-,-,-,-,-,-,NA,NA,NA,https://raw.githubusercontent.com/co-demos/cis-data/master/illustrations/textures/medium_fiche_10.png?raw=true,Masque,,,fr,JPy,NR,,OUI,24/03/2020
HEPA Masque de protection,-,SANTE,HOPITAL,DIY,MASQUE,ANONYME,,https://www.thingiverse.com/thing:4222563,-,-,-,-,-,-,NA,NA,NA,https://raw.githubusercontent.com/co-demos/cis-data/master/illustrations/textures/medium_fiche_10.png?raw=true,Masque,,,fr,JPy,NON,"NOTE : sur  https://pad.degrowth.net/bP1B0Lj_SHmiPIAYGkw7Hg  il est indiqué que : Ne pas utiliser ce modele, le pas de vis est en mirroir et est donc dans le mauvais sens. Impossible de viser le bouchon.
J’ai patcher la version (RootBSD). Lien : https://cdn.discordapp.com/attachments/689052155310506005/690272244387283438/Fixed_Version_V3.7z",OUI,24/03/2020
"Savegrabber - permet d'ouvrir des portes, appyer des boutons",-,SANTE,PROTECTION,DIY,PROTECTION,ANONYME,,https://www.thingiverse.com/thing:4192643,-,-,-,-,-,-,NA,NA,NA,https://raw.githubusercontent.com/co-demos/cis-data/master/illustrations/textures/medium_fiche_10.png?raw=true,Protection,,,fr,JPy,NR,,OUI,24/03/2020
Masque jetable à base de filtre à café,-,SANTE,HOPITAL,DIY,MASQUE,ANONYME,,https://www.thingiverse.com/thing:4199749,-,-,-,-,-,-,NA,NA,NA,https://raw.githubusercontent.com/co-demos/cis-data/master/illustrations/textures/medium_fiche_10.png?raw=true,Masque,,,fr,JPy,NR,,OUI,24/03/2020
Lunettes fabriquées à partir de bouteille,-,SANTE,PROTECTION,DIY,LUNETTES,ANONYME,,https://www.instructables.com/id/Soda-Bottle-Safety-Goggles./,-,-,-,-,-,-,NA,NA,NA,https://raw.githubusercontent.com/co-demos/cis-data/master/illustrations/textures/medium_fiche_10.png?raw=true,Protection,,,fr,JPy,NR,,OUI,24/03/2020
3D Printed Face Mask Buckle,-,SANTE,PROTECTION,DIY,MASQUE,,Creality,https://www.thingiverse.com/thing:4187448/files,-,-,-,-,-,-,NA,NA,NA,https://raw.githubusercontent.com/co-demos/cis-data/master/illustrations/textures/medium_fiche_10.png?raw=true,Accessoire masque,,,en,CG,NR,,OUI,25/03/2020
Protective Face Shield,-,SANTE,PROTECTION,DIY,VISIERE,,FabLab UBL,https://gitlab.com/fablab-ulb/projects/Covid-19/-/blob/master/FablabULB-Protective-Face-Shield/files/RC1/anti_projection.stl,-,-,-,-,-,-,NA,NA,NA,https://raw.githubusercontent.com/co-demos/cis-data/master/illustrations/textures/medium_fiche_10.png?raw=true,Visière,,,en,CG,NR,"Il est écrit que c'est ""Validés par les médecins hygiénistes et la direction de l’hôpital CHU Saint-Pierre à Bruxelles."" ici https://docs.google.com/document/d/1yDyYDmnSss1Gs43ypK19DpQxmCVWys-UQN4oXZqrhRo/edit?fbclid=IwAR2xFoVac-FHBHoiqAalSj1bvDw5c1raAnC9Jv3NKjNwkS-9h7n0mOXnric",OUI,25/03/2020
PROTOTYPE DE RESPISATEUR - OxyGEN ,-,SANTE,HOPITAL,DIY,RESPIRATEUR,,Protofy.xyz,https://www.oxygen.protofy.xyz/,-,-,-,-,-,-,NA,NA,NA,https://raw.githubusercontent.com/co-demos/cis-data/master/illustrations/textures/medium_fiche_10.png?raw=true,Respirateur,,,en,CG,NR,,OUI,25/03/2020
EMERGENCY VENTILATOR SYSTEMS ,-,SANTE,HOPITAL,DIY,VENTILATOR,,ebcore,https://www.ebcore.io/?fbclid=IwAR13Fql14xM0Xty3w5cSyfWXLUfD-ML3ri8gdej-J8O8oY0X2Fq7uDSmx4o,-,-,-,-,-,-,NA,NA,NA,https://raw.githubusercontent.com/co-demos/cis-data/master/illustrations/textures/medium_fiche_10.png?raw=true,Ventilator / vidéo d'explication : https://www.youtube.com/watch?v=vcuFVMVx930&feature=youtu.be&fbclid=IwAR2nwsROxwZNmnizLkoiEUNauFhFGBigEXsw7AGZajNFVEgvHYdOpXleTQk,,,en,CG,NR,,OUI,25/03/2020
OpenLung BVM Ventilator,-,SANTE,HOPITAL,DIY/GROUPE,VENTILATOR,,,https://gitlab.com/open-source-ventilator/OpenLung?fbclid=IwAR1cMnUQW_t-wksl8RsbsHRplAWurPFVD63eZi71qJ65h7G1-F9p5HA-grU,-,-,-,-,-,-,NA,NA,NA,https://raw.githubusercontent.com/co-demos/cis-data/master/illustrations/textures/medium_fiche_10.png?raw=true,Ventilator / vidéo d'explication : https://www.youtube.com/watch?v=vcuFVMVx930&feature=youtu.be&fbclid=IwAR2nwsROxwZNmnizLkoiEUNauFhFGBigEXsw7AGZajNFVEgvHYdOpXleTQk,,,en,CG,NR,,OUI,25/03/2020
InnspiraMED Open Source Mechanical Ventilators,-,SANTE,HOPITAL,DIY,VENTILATOR,,,https://letsbeatcovid19.blogspot.com/,-,-,-,-,-,-,NA,NA,NA,https://raw.githubusercontent.com/co-demos/cis-data/master/illustrations/textures/medium_fiche_10.png?raw=true,,,,en,CG,NR,,OUI,25/03/2020
Visières pour les soignants,-,SANTE,PROTECTION,DIY,VISIERE,INSTITUTION,Centrale Supelec,http://lafabrique.centralesupelec.fr/visiere/,-,-,-,-,-,-,NA,NA,NA,https://raw.githubusercontent.com/co-demos/cis-data/master/illustrations/textures/medium_fiche_10.png?raw=true,Visières,,,fr,CG,NR,Processus en cours le 25/03/2020,OUI,25/03/2020
Simply Flexible Mask Valvy,-,SANTE,PROTECTION,DIY,MASQUE,INDIVIDU,ANON,https://www.thingiverse.com/thing:4185367?fbclid=IwAR0r9Qd7JXxdsZBqOWiO45P9EO6G3LG5N-q8uoqiJa22LbZpd1gNrzwJ_6E,-,-,-,-,-,-,NA,NA,NA,https://raw.githubusercontent.com/co-demos/cis-data/master/illustrations/textures/medium_fiche_10.png?raw=true,,,,en,CG,NR,,OUI,25/03/2020
face mask,-,SANTE,PROTECTION,DIY,MASQUE,-,Cetus3D.,https://www.dropbox.com/s/ndal4gh8ufhmowi/face%20mask.zip?dl=0&fbclid=IwAR09ZAGiTbHyFirlyB_rBANkP19P2C7w6Tr0Ljk08La8sJs2pR8NmY7h_Q8,-,-,-,-,-,-,NA,NA,NA,https://raw.githubusercontent.com/co-demos/cis-data/master/illustrations/textures/medium_fiche_10.png?raw=true,masque : en lien avec la boucle en dessous ,,,en,CG,NR,,OUI,25/03/2020
Mask buckle,-,SANTE,PROTECTION,DIY,MASQUE/ACCESSOIRE,-,Cetus3D.,https://www.dropbox.com/s/cqcvuqf3vk510a3/Mask%20buckle.zip?dl=0&fbclid=IwAR2QguGLA7xJreqDOmBLEVH-88H-zhf-NIycpraaxEW_9rCkAEI4W12NONc,-,-,-,-,-,-,NA,NA,NA,https://raw.githubusercontent.com/co-demos/cis-data/master/illustrations/textures/medium_fiche_10.png?raw=true,accessoire masque : en lien avec le masque au dessus ,,,en,CG,NR,,OUI,25/03/2020
EVA Covid Coronavirus Face Mask,-,SANTE,PROTECTION,DIY,MASQUE,ANONYME,,https://www.thingiverse.com/thing:4223817?fbclid=IwAR2W7DFx-nmwaS_1QY3a6Ey0fz6boiVNsGeS7vJ3ZFg_0Lb_4zhG4hitGfc,-,-,-,-,-,-,NA,NA,NA,https://raw.githubusercontent.com/co-demos/cis-data/master/illustrations/textures/medium_fiche_10.png?raw=true,,,,en,CG,NR,,OUI,25/03/2020
"COVID-19 MASK (Easy-to-print, no support, filter required)",-,SANTE,PROTECTION,DIY,MASQUE,ANONYME,,https://www.thingiverse.com/thing:4225667?fbclid=IwAR3D_VHzPU5ehzRom5Mwvy0KP0NgBiVQvrWcZcghbgjlkSRc78Jm6uh6MZk,-,-,-,-,-,-,NA,NA,NA,https://raw.githubusercontent.com/co-demos/cis-data/master/illustrations/textures/medium_fiche_10.png?raw=true,Mask,,,en,CG,NR,sur le groupe : https://docs.google.com/spreadsheets/d/1e81ceSrVT6Bl4UaS1SxIUUUzgZAdkIstU7Hzot08Ld8/edit#gid=0,OUI,25/03/2020
"NanoHack, una máscara impresa en 3D de código abierto contra el Covid-19",-,SANTE,PROTECTION,DIY,MASQUE,ENTREPRISE,3Dnatives,https://www.3dnatives.com/es/nanohack-mascara-codigo-abierto-contra-covid-19-180320202/,-,-,-,-,-,-,NA,NA,NA,https://raw.githubusercontent.com/co-demos/cis-data/master/illustrations/textures/medium_fiche_10.png?raw=true,Mask,,,es,CG,NR,,OUI,25/03/2020
MINI-MASQUE POUR CORONAVIRUS COVID-19 AVEC FIL,-,SANTE,PROTECTION,DIY,MASQUE,,,https://cults3d.com/fr/mod%C3%A8le-3d/outil/mini-mascara-para-coronavirus-covid-19-con-rosca,-,-,-,-,-,-,NA,NA,NA,https://raw.githubusercontent.com/co-demos/cis-data/master/illustrations/textures/medium_fiche_10.png?raw=true,Mask,,,fr,CG,NR,,OUI,25/03/2020
NANOHACK,-,SANTE,PROTECTION,DIY,MASQUE,-,Copper3D,https://copper3d.com/hackthepandemic/,-,-,-,-,-,-,NA,NA,NA,https://raw.githubusercontent.com/co-demos/cis-data/master/illustrations/textures/medium_fiche_10.png?raw=true,Mask : Ils indiquent clairement qu'une v2 va bientôt dortir et recommandent de ne plus imprimer la V1. Je ne sais pas si elle sera sur la même page web,,,en,CG,NR,sur le groupe : https://docs.google.com/spreadsheets/d/1e81ceSrVT6Bl4UaS1SxIUUUzgZAdkIstU7Hzot08Ld8/edit#gid=0,OUI,25/03/2020
MASQUE DE PROTECTION COVID-19 FFP2 / PROTECTION MASK COVID-19 FFP2,-,SANTE,PROTECTION,DIY,MASQUE,,,https://cults3d.com/fr/mod%C3%A8le-3d/outil/masque-de-protection-covid-19-ffp2,-,-,-,-,-,-,NA,NA,NA,https://raw.githubusercontent.com/co-demos/cis-data/master/illustrations/textures/medium_fiche_10.png?raw=true,mask FFP2,,,en/fr,CG,NR,,OUI,25/03/2020
Dossier IFTH 16 Mars 2020 : Masques de protection simplifiés pour gouttelettes d’eau,-,SANTE,PROTECTION,DIY,MASQUE_TISSU,INSTITUTION,Institut français du textile et de l'habillement,https://www.csfmodeluxe-masques.com/uploads/1/2/9/1/129160673/masques_de_protection_simplifie%CC%81_1.pdf,-,-,-,-,-,-,NA,NA,NA,https://raw.githubusercontent.com/co-demos/cis-data/master/illustrations/textures/medium_fiche_10.png?raw=true,masques de trois niveaux,,,fr,CG,PARTIELLE,?,OUI,25/03/2020
MODE OPÉRATOIRE Masque respiratoire,-,SANTE,PROTECTION,DIY,MASQUE_TISSU,,Les tissages de Charlieu,file:///C:/Users/garni/OneDrive/Documents/Corona/Mode-operatoire%20-%20discord%20de%20maker%20entraide.pdf,-,-,-,-,-,-,NA,NA,NA,https://raw.githubusercontent.com/co-demos/cis-data/master/illustrations/textures/medium_fiche_10.png?raw=true,ATTENTION : Je ne sais pas vraiment si c'est un doc interne à l'entreprise ou un qui a vocation à circuler. j'ai été conduite à tomber dessus mais c'est pe pas normal. Lien du site associé : https://ltc-jacquard.com/accueil/les-tissages-de-charlieu-masques-de-confinement/,,,fr,CG,NR,,OUI,25/03/2020
facemask sewing pattern,-,SANTE,PROTECTION,DIY,MASQUE_TISSU,ANONYME,,https://freesewing.org/blog/facemask-frenzy/,-,-,-,-,-,-,NA,NA,NA,https://raw.githubusercontent.com/co-demos/cis-data/master/illustrations/textures/medium_fiche_10.png?raw=true,masque tissu ,,,en,CG,NR,sur le groupe : https://docs.google.com/spreadsheets/d/1e81ceSrVT6Bl4UaS1SxIUUUzgZAdkIstU7Hzot08Ld8/edit#gid=0,OUI,25/03/2020
Basic adult face mask,-,SANTE,PROTECTION,DIY,MASQUE_TISSU,INDIVIDU,,http://antisocialartshow.org/basic-adult-face-mask/?fbclid=IwAR2Z9sx8CwOibzHHCZruqX35PblgpB6eZlYvbQJVnkS6Dt0XDMTP3oRB4Dg,-,-,-,-,-,-,NA,NA,NA,https://raw.githubusercontent.com/co-demos/cis-data/master/illustrations/textures/medium_fiche_10.png?raw=true,,,,en ,CG,NR,,OUI,25/03/2020
WHO-recommended Handrub Formulations,-,SANTE,HYGIENE,DIY,GEL,ANONYME,,https://www.who.int/gpsc/5may/Guide_to_Local_Production.pdf,-,-,-,-,-,-,NA,NA,NA,https://raw.githubusercontent.com/co-demos/cis-data/master/illustrations/textures/medium_fiche_10.png?raw=true,Gel Hydroalcoolique,,,fr,CG,NR,,OUI,25/03/2020
Gel desinfectant à base d'étanol (français et espagnol),-,SANTE,HYGIENE,DIY,GEL,ANONYME,,https://www.appropedia.org/Gel_desinfectante_a_base_de_etanol,-,-,-,-,-,-,NA,NA,NA,https://raw.githubusercontent.com/co-demos/cis-data/master/illustrations/textures/medium_fiche_10.png?raw=true,Gel Hydroalcoolique,,,fr/es,CG,NR,,OUI,25/03/2020
Minimal Universal Respirator,-,SANTE,HOPITAL,DIY/INDUSTRIEL,RESPIRATEUR,ASSO,,https://www.mur-project.org/,-,-,-,-,-,-,NA,NA,NA,https://raw.githubusercontent.com/co-demos/cis-data/master/illustrations/textures/medium_fiche_10.png?raw=true,respirateur,,,fr/en,CG,NR,En cours le 25/03 validation prévue pour la fin de semaine (28 ou 29 Mars),-,25/03/2020
Homemade box UV C for sterilization,-,SANTE,HYGIENE,DIY,STERILISATION,INDIVIDU,,https://www.youtube.com/watch?v=gYwhYv1uIUI,-,-,-,-,-,-,NA,NA,NA,https://raw.githubusercontent.com/co-demos/cis-data/master/illustrations/textures/medium_fiche_10.png?raw=true,Boite de stérilisation,,,en,CG,NR,,-,25/03/2020
DIY face mask,,SANTE,PROTECTION,DIY/PRO,MASQUE_TISSU,INDIVIDU,Taiwanese doctor,https://mustsharenews.com/cloth-face-mask/,-,-,-,-,-,-,NA,NA,NA,https://raw.githubusercontent.com/co-demos/cis-data/master/illustrations/textures/medium_fiche_10.png?raw=true,Masque en tissu avec ouvereture,,,en,CG,NR,sur le groupe : https://docs.google.com/spreadsheets/d/1e81ceSrVT6Bl4UaS1SxIUUUzgZAdkIstU7Hzot08Ld8/edit#gid=0,-,25/03/2020
face mask (Chinese pdf),,SANTE,PROTECTION,DIY,MASQUE_TISSU,-,,https://www.pref.oita.jp/uploaded/attachment/2070448.pdf,,,-,-,-,-,NA,NA,NA,https://raw.githubusercontent.com/co-demos/cis-data/master/illustrations/textures/medium_fiche_10.png?raw=true,Masque en tissu avec ouvereture,,,en,CG,NR,sur le groupe : https://docs.google.com/spreadsheets/d/1e81ceSrVT6Bl4UaS1SxIUUUzgZAdkIstU7Hzot08Ld8/edit#gid=1,-,25/03/2020
"Simple Respiratory Mask (Academic publication, 2006)",,SANTE,PROTECTION,DIY/PRO,MASQUE_TISSU,INSTITUTION,Centers of Disease Control and Prevention (US),https://wwwnc.cdc.gov/eid/article/12/6/05-1468_article,,,-,-,-,-,NA,NA,NA,https://raw.githubusercontent.com/co-demos/cis-data/master/illustrations/textures/medium_fiche_10.png?raw=true,Masque tissu - Article académique de 2006,,,en,CG,NR,Publié il y a + de 10 ans / pas une initiative de maker,-,25/03/2020
DIY Cloth Face Mask,,SANTE,PROTECTION,DIY,MASQUE_TISSU,INDIVIDU,,https://www.instructables.com/id/DIY-Cloth-Face-Mask/,,,-,-,-,-,NA,NA,NA,https://raw.githubusercontent.com/co-demos/cis-data/master/illustrations/textures/medium_fiche_10.png?raw=true,,,,en,CG,NR,sur le groupe : https://docs.google.com/spreadsheets/d/1e81ceSrVT6Bl4UaS1SxIUUUzgZAdkIstU7Hzot08Ld8/edit#gid=0,OUI,25/03/2020
How to make a Face Mask (US),,SANTE,PROTECTION,DIY/PRO,MASQUE_TISSU,INSTITUTION,Deaconess,https://www.deaconess.com/How-to-make-a-Face-Mask,,,-,-,-,-,NA,NA,NA,https://raw.githubusercontent.com/co-demos/cis-data/master/illustrations/textures/medium_fiche_10.png?raw=true,Tuto d'un hopital dans l'Indiana,,,en,CG,NR,Sur leur page ils precisent bien qu'ils ne peuvent pas respecter les normes habituelles,-,25/03/2020
Reusable DIY Cloth Mask with Disposable Middle Layer Filter,,SANTE,PROTECTION,DIY,MASQUE_TISSU,-,,https://diymask.site/,,,-,-,-,-,NA,NA,NA,https://raw.githubusercontent.com/co-demos/cis-data/master/illustrations/textures/medium_fiche_10.png?raw=true,Tuto a base d'objets du quotidien,,,en/chi,CG,NR,sur le groupe : https://docs.google.com/spreadsheets/d/1e81ceSrVT6Bl4UaS1SxIUUUzgZAdkIstU7Hzot08Ld8/edit#gid=0,OUI,25/03/2020
SEWING INSTRUCTIONS FOR THE FACE MASK PATTERN - Belgium Public Health,,PROTECTION,PROTECTION,DIY,MASQUE_TISSU,INSTITUTION,Belgium Public Health,https://makefacemasks.com/,,,-,-,-,-,NA,NA,NA,https://raw.githubusercontent.com/co-demos/cis-data/master/illustrations/textures/medium_fiche_1.png?raw=true,guidelines en belgique,,,en,CG,-,Approved by the FPS Public Health,OUI,25/03/2020
Mask COVID-19 - 3D printed,,SANTE,PROTECTION,DIY,MASQUE,-,,https://www.thingiverse.com/thing:3186997,,,-,-,-,-,NA,NA,NA,https://raw.githubusercontent.com/co-demos/cis-data/master/illustrations/textures/medium_fiche_10.png?raw=true,etrange,,,en,CG,NR,sur le groupe : https://docs.google.com/spreadsheets/d/1e81ceSrVT6Bl4UaS1SxIUUUzgZAdkIstU7Hzot08Ld8/edit#gid=0,OUI,25/03/2020
Free mask pattern and instructions!,,SANTE,PROTECTION,DIY,MASQUE_TISSU,-,,https://imgur.com/gallery/p517T4h,,,-,-,-,-,NA,NA,NA,https://raw.githubusercontent.com/co-demos/cis-data/master/illustrations/textures/medium_fiche_10.png?raw=true,masque tissu ,,,en,CG,NR,sur le groupe : https://docs.google.com/spreadsheets/d/1e81ceSrVT6Bl4UaS1SxIUUUzgZAdkIstU7Hzot08Ld8/edit#gid=1,OUI,25/03/2020
Face Mask Hook - 3D printed,,SANTE,PROTECTION,DIY,MASQUE/ACCESSOIRE,INDIVIDU,,https://www.thingiverse.com/thing:4225191,,,-,-,-,-,NA,NA,NA,https://raw.githubusercontent.com/co-demos/cis-data/master/illustrations/textures/medium_fiche_10.png?raw=true,"Accessoire, attache de masque en i3D",,,en/chi,CG,NR,sur le groupe : https://docs.google.com/spreadsheets/d/1e81ceSrVT6Bl4UaS1SxIUUUzgZAdkIstU7Hzot08Ld8/edit#gid=2,OUI,25/03/2020
3D Printable Air Tight Filter Mask (Experimental),,SANTE,PROTECTION,DIY,MASQUE,-,,https://hackaday.io/project/170487-3d-printable-air-tight-filter-mask-experimental,,,-,-,-,-,NA,NA,NA,https://raw.githubusercontent.com/co-demos/cis-data/master/illustrations/textures/medium_fiche_10.png?raw=true,forme originale,,,fr,CG,NR,sur le groupe : https://docs.google.com/spreadsheets/d/1e81ceSrVT6Bl4UaS1SxIUUUzgZAdkIstU7Hzot08Ld8/edit#gid=3,OUI,25/03/2020
Masque thermoformé prototype,,SANTE,PROTECTION,DIY,MASQUE,INDIVIDU,,https://www.thingiverse.com/thing:4231076,,,-,-,-,-,NA,NA,NA,https://raw.githubusercontent.com/co-demos/cis-data/master/illustrations/textures/medium_fiche_10.png?raw=true,il annonce thermoformé mais aussi I3D,,,fr,CG,NR,sur le groupe : https://docs.google.com/spreadsheets/d/1e81ceSrVT6Bl4UaS1SxIUUUzgZAdkIstU7Hzot08Ld8/edit#gid=4,OUI,25/03/2020
FACE MASK PATTERN,,SANTE,PROTECTION,DIY,MASQUE_TISSU,INDIVIDU,,https://hellosewing.com/face-mask-sewing-pattern/,,,-,-,-,-,NA,NA,NA,https://raw.githubusercontent.com/co-demos/cis-data/master/illustrations/textures/medium_fiche_10.png?raw=true,,,,en,CG,NR,sur le groupe : https://docs.google.com/spreadsheets/d/1e81ceSrVT6Bl4UaS1SxIUUUzgZAdkIstU7Hzot08Ld8/edit#gid=5,OUI,25/03/2020
Sewing Fabric Face Masks,,SANTE,PROTECTION,DIY/PRO,MASQUE_TISSU,INSTITUTION,Unity Point Health (USA),https://www.unitypoint.org/cedarrapids/sewing-surgical-masks.aspx,,,-,-,-,-,NA,NA,NA,https://raw.githubusercontent.com/co-demos/cis-data/master/illustrations/textures/medium_fiche_10.png?raw=true,diffusé par  un centre hospitalier au USA,,,en,CG,NR,sur le groupe : https://docs.google.com/spreadsheets/d/1e81ceSrVT6Bl4UaS1SxIUUUzgZAdkIstU7Hzot08Ld8/edit#gid=6,OUI,25/03/2020
Vaccum formed sealed mask,,SANTE,PROTECTION,DIY,MASQUE,INDIVIDU,,https://www.thingiverse.com/thing:4234487,,,-,-,-,-,NA,NA,NA,https://raw.githubusercontent.com/co-demos/cis-data/master/illustrations/textures/medium_fiche_10.png?raw=true,Forme originale : Vaccum formed et 3D printed ,,,en,CG,NR,sur le groupe : https://docs.google.com/spreadsheets/d/1e81ceSrVT6Bl4UaS1SxIUUUzgZAdkIstU7Hzot08Ld8/edit#gid=7,OUI,25/03/2020
(Adaptador Mascara decathlon- Filtro) Adaptateur de masque Decathlon - Filtre,,SANTE,PROTECTION,DIY,MASQUE/ACCESSOIRE,INDIVIDU,,https://www.thingiverse.com/thing:4227369,,,-,-,-,-,NA,NA,NA,https://raw.githubusercontent.com/co-demos/cis-data/master/illustrations/textures/medium_fiche_10.png?raw=true,Accessoire pour adapter les masques décathlon - prototype,,,en,CG,NR,sur le groupe : https://docs.google.com/spreadsheets/d/1e81ceSrVT6Bl4UaS1SxIUUUzgZAdkIstU7Hzot08Ld8/edit#gid=8,OUI,25/03/2020
Thermoformed mask,,SANTE,PROTECTION,DIY,,-,,https://www.thingiverse.com/thing:4234658,,,-,-,-,-,NA,NA,NA,https://raw.githubusercontent.com/co-demos/cis-data/master/illustrations/textures/medium_fiche_10.png?raw=true,proto!!,,,en,CG,NR,sur le groupe : https://docs.google.com/spreadsheets/d/1e81ceSrVT6Bl4UaS1SxIUUUzgZAdkIstU7Hzot08Ld8/edit#gid=9,OUI,25/03/2020
Mold for DIY Protective Face Mask - 3D Printed form for making paper pulp masks,,SANTE,PROTECTION,DIY,MASQUE/ACCESSOIRE,-,,https://www.instructables.com/id/DIY-Protective-Face-Mask/,,,-,-,-,-,NA,NA,NA,https://raw.githubusercontent.com/co-demos/cis-data/master/illustrations/textures/medium_fiche_10.png?raw=true,moule pour masque en papier maché,,,en,CG,NR,sur le groupe : https://docs.google.com/spreadsheets/d/1e81ceSrVT6Bl4UaS1SxIUUUzgZAdkIstU7Hzot08Ld8/edit#gid=10,OUI,25/03/2020
DIY mask for basic protection from corona,,SANTE,PROTECTION,DIY,MASQUE_TISSU,INDIVIDU,,https://www.youtube.com/watch?v=oLEE8RcyYo8,,,-,-,-,-,NA,NA,NA,https://raw.githubusercontent.com/co-demos/cis-data/master/illustrations/textures/medium_fiche_10.png?raw=true,vidéo youtube de pliage,,,en,CG,NR,sur le groupe : https://docs.google.com/spreadsheets/d/1e81ceSrVT6Bl4UaS1SxIUUUzgZAdkIstU7Hzot08Ld8/edit#gid=11,OUI,25/03/2020
Face Mask Sewing Pattern,,SANTE,PROTECTION,DIY,MASQUE_TISSU,INDIVIDU,,https://www.craftpassion.com/wp-json/mv-create/v1/creations/19/print,,,-,-,-,-,NA,NA,NA,https://raw.githubusercontent.com/co-demos/cis-data/master/illustrations/textures/medium_fiche_10.png?raw=true,masque en tissu,,,en,CG,NR,sur le groupe : https://docs.google.com/spreadsheets/d/1e81ceSrVT6Bl4UaS1SxIUUUzgZAdkIstU7Hzot08Ld8/edit#gid=12,OUI,25/03/2020
A.B. Mask - for a Nurse by a Nurse,,SANTE,PROTECTION,DIY,MASQUE_TISSU,INDIVIDU,nurse,https://www.instructables.com/id/AB-Mask-for-a-Nurse-by-a-Nurse/,,,-,-,-,-,NA,NA,NA,https://raw.githubusercontent.com/co-demos/cis-data/master/illustrations/textures/medium_fiche_10.png?raw=true,masque par une infirmière,,,en,CG,NR,sur le groupe : https://docs.google.com/spreadsheets/d/1e81ceSrVT6Bl4UaS1SxIUUUzgZAdkIstU7Hzot08Ld8/edit#gid=13,OUI,25/03/2020
MY FACE MASK: Masque avec filtre interchangeable,,SANTE,PROTECTION,DIY,MASQUE,ENTREPRISE,WASP 3D Printers,https://www.3dwasp.com/mascherina-stampata-3d-da-scansione-3d/?fbclid=IwAR2a7v_y6ly8GL_ghWONz9M68LNunH3YVz77F0wkIo_SmvZKoWUgNNHCnCM,,,-,-,-,-,NA,NA,NA,https://raw.githubusercontent.com/co-demos/cis-data/master/illustrations/textures/medium_fiche_10.png?raw=true,3D printed avec filtre remplaçable,,,fr/it/en,CG,NR,sur le groupe : https://docs.google.com/spreadsheets/d/1e81ceSrVT6Bl4UaS1SxIUUUzgZAdkIstU7Hzot08Ld8/edit#gid=14,OUI,25/03/2020
How to make masks out of vacuum bags,,,,DIY,MASQUE_TISSU,INDIVIDU,,https://www.youtube.com/watch?v=-fBWTDoa7x4,,,-,-,-,-,NA,NA,NA,,Tuto video masque en tissu,,,en,CG,NR,sur le groupe : https://docs.google.com/spreadsheets/d/1e81ceSrVT6Bl4UaS1SxIUUUzgZAdkIstU7Hzot08Ld8/edit#gid=15,OUI,25/03/2021
Comme à la maison,liste de ressources gratuites,LOISIRS,HELP,APP,,INDIVIDU,,http://comme-a-la-maison.herokuapp.com/,,,-,-,-,-,NA,NA,NA,,-,https://raw.githubusercontent.com/co-demos/cis-data/master/illustrations/textures/medium_fiche_9.png?raw=true,oui,fr,JPy,NR,,OUI,24/03/2020
Continuité pédagogique,Une communauté de citoyen·nes qui soutiennent les enseignant·es dans leurs pratiques numériques pour assurer (au mieux) la continuité pédagogique durant l’épidémie du coronavirus en France. ,EDUCATION,HELP,APP,,INSTITUTION,,https://www.continuitepedagogique.org/,,,-,-,-,-,NA,NA,NA,,-,https://raw.githubusercontent.com/co-demos/cis-data/master/illustrations/textures/medium_fiche_5.png?raw=true,oui,fr,JPy,NR,,OUI,24/03/2020
Listing Latitudes,liste des initiatives recensées par Latitudes,INFOS,HELP,APP,,ASSO,,https://www.latitudes.cc/covid19,,,-,-,-,-,NA,NA,NA,,-,https://raw.githubusercontent.com/co-demos/cis-data/master/illustrations/textures/medium_fiche_8.png?raw=true,oui,fr,JPy,NR,,OUI,24/03/2020
En première ligne,Réseau d'entraide dans la lutte contre l'épidémie de Covid-19. ,SANTE,HELP,APP,,INSTITUTION,,https://enpremiereligne.fr,,,-,-,-,-,NA,NA,NA,,-,https://raw.githubusercontent.com/co-demos/cis-data/master/illustrations/textures/medium_fiche_10.png?raw=true,oui,fr,JPy,NR,,OUI,24/03/2020
Veille coronavirus,carto évolution des cas,DATA,CARTO,APP,CARTO,INDIVIDU,,https://veille-coronavirus.fr/,,,-,-,-,-,NA,NA,NA,,-,https://raw.githubusercontent.com/co-demos/cis-data/master/illustrations/textures/medium_fiche_4.png?raw=true,oui,fr,JPy,NR,,OUI,24/03/2020
Visière V6b - Shields - visieresolidaire ,Shields - visieresolidaire - antony,SANTE,PROTECTION,DIY,VISIERE,GROUPE,,,,,,,,,,,,https://raw.githubusercontent.com/co-demos/cis-data/master/illustrations/textures/medium_fiche_10.png?raw=true,en 0.28 plusieur encoche sont trop épaisse et rien ne passe dedans,https://docs.google.com/spreadsheets/d/1jpDEPTE5adj8FiwWpyOaMbNJOsyynJKzqXmpooCHnog/edit#gid=0,,,,NR,,OUI,25/03/2020
visière V8B,Shields - visieresolidaire - antony,SANTE,PROTECTION,DIY,VISIERE,GROUPE,,https://www.facebook.com/groups/2454266324886624/permalink/2455279604785296/,,,,,,,,,,https://raw.githubusercontent.com/co-demos/cis-data/master/illustrations/textures/medium_fiche_10.png?raw=true,,https://docs.google.com/spreadsheets/d/1jpDEPTE5adj8FiwWpyOaMbNJOsyynJKzqXmpooCHnog/edit#gid=0,,,,NR,,OUI,25/03/2020
NewShield: Visière anti-Eclaboussures (COVID19) ,NewShield,SANTE,PROTECTION,DIY,VISIERE,GROUPE,,https://www.myminifactory.com/object/3d-print-115185,,,,,,,,,,https://raw.githubusercontent.com/co-demos/cis-data/master/illustrations/textures/medium_fiche_10.png?raw=true,,https://docs.google.com/spreadsheets/d/1jpDEPTE5adj8FiwWpyOaMbNJOsyynJKzqXmpooCHnog/edit#gid=0,,,,NR,,OUI,25/03/2020
Visière Prusa - Version de base,Prusa,SANTE,PROTECTION,DIY,VISIERE,GROUPE,,https://www.prusaprinters.org/prints/25857-prusa-protective-face-shield-rc2,,,,,,,,,,https://raw.githubusercontent.com/co-demos/cis-data/master/illustrations/textures/medium_fiche_10.png?raw=true,,https://docs.google.com/spreadsheets/d/1jpDEPTE5adj8FiwWpyOaMbNJOsyynJKzqXmpooCHnog/edit#gid=0,,,,NR,,OUI,25/03/2020
Visière Prusa - Version allégée,Prusa,SANTE,PROTECTION,DIY,VISIERE,GROUPE,,https://www.prusaprinters.org/prints/26568-protection-allegee,,,,,,,,,,https://raw.githubusercontent.com/co-demos/cis-data/master/illustrations/textures/medium_fiche_10.png?raw=true,,https://docs.google.com/spreadsheets/d/1jpDEPTE5adj8FiwWpyOaMbNJOsyynJKzqXmpooCHnog/edit#gid=0,,,,NR,,OUI,25/03/2020
"Visière Prusa - Remix -""#resistancecovid""",Prusa (Remix),SANTE,PROTECTION,DIY,VISIERE,GROUPE,,"
https://www.prusaprinters.org/prints/26427-prusa-protective-face-shield-rc1-rc2-remix-rc3-eas",,,,,,,,,,https://raw.githubusercontent.com/co-demos/cis-data/master/illustrations/textures/medium_fiche_10.png?raw=true,Lien vers le projet référent: https://twitter.com/Resistancecovid,https://docs.google.com/spreadsheets/d/1jpDEPTE5adj8FiwWpyOaMbNJOsyynJKzqXmpooCHnog/edit#gid=0,,,,NR,,OUI,25/03/2020
COVID19 - Shield,??,SANTE,PROTECTION,DIY,VISIERE,GROUPE,,https://drive.google.com/drive/folders/11ohHpWR_evKaOa5Mu7DbwEtMyPsvDQmj,,,,,,,,,,https://raw.githubusercontent.com/co-demos/cis-data/master/illustrations/textures/medium_fiche_10.png?raw=true,,https://docs.google.com/spreadsheets/d/1jpDEPTE5adj8FiwWpyOaMbNJOsyynJKzqXmpooCHnog/edit#gid=0,,,,NR,,OUI,25/03/2020
Protective Visor by 3DVerkstan,3DVerkstan,SANTE,PROTECTION,DIY,VISIERE,GROUPE,,https://www.youmagine.com/designs/protective-visor-by-3dverkstan,,,,,,,,,,https://raw.githubusercontent.com/co-demos/cis-data/master/illustrations/textures/medium_fiche_10.png?raw=true,The 3MF file shows how you can put 3 of these on a single Ultimaker S5 print bed and print them in 21 minutes per piece with a 0.8 mm nozzle.,https://docs.google.com/spreadsheets/d/1jpDEPTE5adj8FiwWpyOaMbNJOsyynJKzqXmpooCHnog/edit#gid=0,,,,NR,,OUI,25/03/2020
modele espagnol (https://t.me/CV19_Visera40),Makers Coronavirus - Visera,SANTE,PROTECTION,DIY,VISIERE,GROUPE,,https://t.me/CV19_Visera40/68,,,,,,,,,,https://raw.githubusercontent.com/co-demos/cis-data/master/illustrations/textures/medium_fiche_10.png?raw=true,"validée par Unitat Bàsica de Prevenció
de l'institut Català de la Salut",https://docs.google.com/spreadsheets/d/1jpDEPTE5adj8FiwWpyOaMbNJOsyynJKzqXmpooCHnog/edit#gid=0,,,,NR,,OUI,25/03/2020
Modèle des Hackers del Levante (Alméria),Makers Coronavirus - Visera,SANTE,PROTECTION,DIY,VISIERE,GROUPE,,https://drive.google.com/file/d/1mzDPmQvyB8QjJmmPsuhVFUfwopEfTTS1/view,,,,,,,,,,https://raw.githubusercontent.com/co-demos/cis-data/master/illustrations/textures/medium_fiche_10.png?raw=true,https://levante.ideal.es/actualidad/makers-levante-imprimen-20200323180813-nt.html,https://docs.google.com/spreadsheets/d/1jpDEPTE5adj8FiwWpyOaMbNJOsyynJKzqXmpooCHnog/edit#gid=0,,,,NR,,OUI,25/03/2020
3D printed COVID-19 Face Shield Mask - Manual for makers (blackbelt),,SANTE,PROTECTION,DIY,VISIERE,GROUPE,,https://www.linkedin.com/pulse/3d-printed-covid-19-face-shield-mask-manual-makers-sch%C3%BCrmann/,,,,,,,,,,https://raw.githubusercontent.com/co-demos/cis-data/master/illustrations/textures/medium_fiche_10.png?raw=true,Prusa MK3 PLA reglage : 0.30 DRAFT,https://docs.google.com/spreadsheets/d/1jpDEPTE5adj8FiwWpyOaMbNJOsyynJKzqXmpooCHnog/edit#gid=0,,,,NR,,OUI,25/03/2020
Visiere de protection,Visiere de protection -,SANTE,PROTECTION,DIY,VISIERE,GROUPE,,https://www.thingiverse.com/thing:4238117,,,,,,,,,,https://raw.githubusercontent.com/co-demos/cis-data/master/illustrations/textures/medium_fiche_10.png?raw=true,,https://docs.google.com/spreadsheets/d/1jpDEPTE5adj8FiwWpyOaMbNJOsyynJKzqXmpooCHnog/edit#gid=0,,,,NR,,OUI,25/03/2020
Visière avec les moyens du bord,,SANTE,PROTECTION,DIY,VISIERE,GROUPE,,,,,,,,,,,,https://raw.githubusercontent.com/co-demos/cis-data/master/illustrations/textures/medium_fiche_10.png?raw=true,,https://docs.google.com/spreadsheets/d/1jpDEPTE5adj8FiwWpyOaMbNJOsyynJKzqXmpooCHnog/edit#gid=0,,,,NR,,OUI,25/03/2020
Prusa Face Shield,"Système de visière en PET afin de protéger des protections (attention, ne remplace pas le masque, mais plutôt en complément)",SANTE,PROTECTION,DIY,-,GROUPE,,https://www.prusaprinters.org/prints/25857-prusa-protective-face-shield-rc2,,,PETG,,,,,,,,"Supports are not necessary.
Print with at least 3 perimeters, about 30% infill.

Epaisseur de couche : 0.25 mm

Diamètre de la tête : 0.4 mm

Poids : 105 g

Ideally, print it from PETG",https://docs.google.com/spreadsheets/d/1AuFOZjWxkcBIKoZVbi31pURp7h0B0VY9O9Rmct-_KU4/edit?usp=sharing,,,,NR,Vérifié auprès du Ministère de la santé tchèque,OUI,25/03/2020
Prusa RC2 sans trous,Visière de protection,SANTE,PROTECTION,DIY,-,GROUPE,,,,,,,,,,,,,,https://docs.google.com/spreadsheets/d/1AuFOZjWxkcBIKoZVbi31pURp7h0B0VY9O9Rmct-_KU4/edit?usp=sharing,,,,NR,,OUI,25/03/2020
Stratasys Face Shield,Visière de protection,SANTE,PROTECTION,DIY,-,GROUPE,,https://go.stratasys.com/lp-face-shield.html,,,PLA,,,,,,,,Pas de matériau de support,https://docs.google.com/spreadsheets/d/1AuFOZjWxkcBIKoZVbi31pURp7h0B0VY9O9Rmct-_KU4/edit?usp=sharing,,,,NR,,OUI,25/03/2020
face shield,Visière de protection,SANTE,PROTECTION,DIY,-,GROUPE,,,,,,,,,,,,,,https://docs.google.com/spreadsheets/d/1AuFOZjWxkcBIKoZVbi31pURp7h0B0VY9O9Rmct-_KU4/edit?usp=sharing,,,,NR,,OUI,25/03/2020
Charlotte Valve / Dave Valve,2 connecteurs imprimés en 3D par FDM pour transformer un masque de plongée Decathlon (modèle EasyBreath) en respirateur non-intrusif,SANTE,PROTECTION,DIY,-,GROUPE,,https://www.isinnova.it/easy-covid19-eng/,,,PLA,,,,,,,,"PLA filament 1.75 mm

Nozzle temperature: 205 – 210 ° C

Builtplate temperature: 35-50 ° C

Layer thickness: 0.2 mm

Supports: only touching the builtplate.

Orientation: Charlotte leaning on the terminal plane (as shown in the images), Dave leaning on the larger diameter vertically.",https://docs.google.com/spreadsheets/d/1AuFOZjWxkcBIKoZVbi31pURp7h0B0VY9O9Rmct-_KU4/edit?usp=sharing,,,,NR,Testée au Chiari Hospital (Italie). 500 patients équipés,OUI,25/03/2020
Door Opener,Permet d'ouvrir tout type de porte sans contact avec les mains,SANTE,PROTECTION,DIY,-,GROUPE,,,,,"PLA, PETG, PA12",,,,,,,,"épaisseur de coque 1,2mm ; remplissage 20%",https://docs.google.com/spreadsheets/d/1AuFOZjWxkcBIKoZVbi31pURp7h0B0VY9O9Rmct-_KU4/edit?usp=sharing,,,,NR,,OUI,25/03/2020
"Respirateur
Open Source",Projet Open source (+300 contributeurs) pour la création d'un dispositif d'assistance respiratoire,SANTE,PROTECTION,DIY,-,GROUPE,,"https://techcrunch.com/2020/03/19/open-source-project-spins-up-3d-printed-ventilator-validation-prototype-in-just-one-week/?guccounter=1

",,,,,,,,,,,,https://docs.google.com/spreadsheets/d/1AuFOZjWxkcBIKoZVbi31pURp7h0B0VY9O9Rmct-_KU4/edit?usp=sharing,,,,NR,,OUI,25/03/2020
Support pour poignée de porte à main libre,Une pièce à installer sur les poignées de portes pours les ouvrir sans les toucher avec les mains,SANTE,PROTECTION,DIY,-,GROUPE,,https://www.materialise.com/en/hands-free-door-opener?elqTrackId=20b7e0f7116d499a97ad8f3b66dabb8b&elqaid=4271&elqat=2,,,,,,,,,,,,https://docs.google.com/spreadsheets/d/1AuFOZjWxkcBIKoZVbi31pURp7h0B0VY9O9Rmct-_KU4/edit?usp=sharing,,,,NR,,OUI,25/03/2020
Mask Adjuster,Ajusteur pour serrage de masques,SANTE,PROTECTION,DIY,-,GROUPE,,,,,,,,,,,,,,https://docs.google.com/spreadsheets/d/1AuFOZjWxkcBIKoZVbi31pURp7h0B0VY9O9Rmct-_KU4/edit?usp=sharing,,,,NR,,OUI,25/03/2020
Sur-poignée de porte ,Handle circular bar diameter from 38 to 44 mm,SANTE,PROTECTION,DIY,-,GROUPE,,https://www.thingiverse.com/thing:4232342,,,,,,,,,,,,https://docs.google.com/spreadsheets/d/1AuFOZjWxkcBIKoZVbi31pURp7h0B0VY9O9Rmct-_KU4/edit?usp=sharing,,,,NR,,OUI,25/03/2020
Sur-poignée de porte ,"L-handle diameter 19 mm,
No screws needed,",SANTE,PROTECTION,DIY,-,GROUPE,,https://www.thingiverse.com/thing:4232365 ,,,,,,,,,,,,https://docs.google.com/spreadsheets/d/1AuFOZjWxkcBIKoZVbi31pURp7h0B0VY9O9Rmct-_KU4/edit?usp=sharing,,,,NR,,OUI,25/03/2020
"Respirateur
Open Source",,SANTE,PROTECTION,DIY,-,GROUPE,,https://www.ventilaid.org/ ,,,,,,,,,,,,https://docs.google.com/spreadsheets/d/1AuFOZjWxkcBIKoZVbi31pURp7h0B0VY9O9Rmct-_KU4/edit?usp=sharing,,,,NR,,OUI,25/03/2020
"Respirateur
Open Source",,SANTE,PROTECTION,DIY,-,GROUPE,,https://github.com/jcl5m1/ventilator,,,,,,,,,,,,https://docs.google.com/spreadsheets/d/1AuFOZjWxkcBIKoZVbi31pURp7h0B0VY9O9Rmct-_KU4/edit?usp=sharing,,,,NR,,OUI,25/03/2020
"Respirateur
Open Source",,SANTE,PROTECTION,DIY,-,GROUPE,,https://docs.google.com/document/d/1FNPwrQjB1qW1330s5-S_-VB0vDHajMWKieJRjINCNeE/mobilebasic,,,,,,,,,,,,https://docs.google.com/spreadsheets/d/1AuFOZjWxkcBIKoZVbi31pURp7h0B0VY9O9Rmct-_KU4/edit?usp=sharing,,,,NR,,OUI,25/03/2020
,,SANTE,PROTECTION,DIY,-,GROUPE,,https://opensourceventilator.ie/,,,,,,,,,,,,https://docs.google.com/spreadsheets/d/1AuFOZjWxkcBIKoZVbi31pURp7h0B0VY9O9Rmct-_KU4/edit?usp=sharing,,,,NR,,OUI,25/03/2020